Draft_Year,Pick,Team,Player,College,Years,G,MP_Total,PTS_Total,TRB_Total,AST_Total,FGpct,TPpct,FTpct,MP,PTS,TRB,AST,WS,WS/48,BPM,VORP
2010,1,WAS,John Wall,Kentucky,10,613,21833,11702,2612,5557,.431,.323,.779,35.6,19.1,4.3,9.1,44.2,.097,2.4,24.1
2010,2,PHI,Evan Turner,Ohio State,10,705,18938,6824,3278,2462,.434,.294,.782,26.9,9.7,4.6,3.5,20.2,.051,-1.9,0.5
2010,3,NJN,Derrick Favors,Georgia Tech,11,747,18492,8128,5401,824,.534,.205,.664,24.8,10.9,7.2,1.1,58.5,.152,0.9,13.7
2010,4,MIN,Wesley Johnson,Syracuse,9,609,13472,4235,1924,645,.404,.337,.741,22.1,7.0,3.2,1.1,10.7,.038,-1.6,1.2
2010,5,SAC,DeMarcus Cousins,Kentucky,10,603,18761,12355,6384,1906,.460,.334,.736,31.1,20.5,10.6,3.2,45.1,.115,2.6,21.6
2010,6,GSW,Ekpe Udoh,Baylor,7,384,5694,1353,1100,260,.453,.000,.718,14.8,3.5,2.9,0.7,10.4,.088,-1.4,0.8
2010,7,DET,Greg Monroe,Georgetown,9,632,17475,8326,5229,1354,.514,.059,.704,27.7,13.2,8.3,2.1,49.7,.136,1.4,15.2
2010,8,LAC,Al-Farouq Aminu,Wake Forest,11,711,17698,5350,4280,879,.420,.332,.746,24.9,7.5,6.0,1.2,27.6,.075,-0.6,6.4
2010,9,UTA,Gordon Hayward,Butler,11,685,21268,10676,3078,2399,.453,.370,.825,31.0,15.6,4.5,3.5,57.3,.129,2.1,22.2
2010,10,IND,Paul George,Fresno State,11,704,23596,14239,4508,2455,.437,.384,.848,33.5,20.2,6.4,3.5,75.4,.153,4.1,36.2
2010,11,NOH,Cole Aldrich,Kansas,8,339,3389,1050,1131,183,.527,,.738,10.0,3.1,3.3,0.5,9.6,.135,0.1,1.8
2010,12,MEM,Xavier Henry,Kansas,5,185,2905,1050,351,120,.406,.325,.635,15.7,5.7,1.9,0.6,0.8,.013,-4.4,-1.7
2010,13,TOR,Ed Davis,UNC,11,691,13555,4263,4552,532,.566,.000,.585,19.6,6.2,6.6,0.8,42.8,.151,-0.2,6.1
2010,14,HOU,Patrick Patterson,Kentucky,11,717,14851,4759,2792,729,.447,.369,.755,20.7,6.6,3.9,1.0,31.7,.102,0.0,7.4
2010,15,MIL,Larry Sanders,VCU,6,238,4635,1520,1345,174,.480,.000,.553,19.5,6.4,5.7,0.7,10.3,.107,-1.1,1.1
2010,16,MIN,Luke Babbitt,Nevada,8,381,5332,1818,846,224,.408,.402,.747,14.0,4.8,2.2,0.6,7.2,.065,-2.1,-0.1
2010,17,CHI,Kevin Séraphin,,7,423,6430,2516,1462,246,.489,.000,.715,15.2,5.9,3.5,0.6,5.9,.044,-4.3,-3.6
2010,18,OKC,Eric Bledsoe,Kentucky,11,698,19567,9764,2743,3305,.453,.337,.787,28.0,14.0,3.9,4.7,44.7,.110,1.7,18.3
2010,19,BOS,Avery Bradley,Texas,11,598,16745,6885,1727,1058,.435,.363,.780,28.0,11.5,2.9,1.8,16.0,.046,-2.3,-1.3
2010,20,SAS,James Anderson,Oklahoma State,5,247,4320,1422,560,291,.411,.321,.755,17.5,5.8,2.3,1.2,3.3,.037,-2.7,-0.8
2010,21,OKC,Craig Brackins,Iowa State,2,17,121,30,19,9,.265,.214,.500,7.1,1.8,1.1,0.5,-0.2,-.089,-9.9,-0.2
2010,22,POR,Elliot Williams,Memphis,4,109,1470,537,161,94,.421,.310,.669,13.5,4.9,1.5,0.9,0.7,.024,-4.9,-1.1
2010,23,MIN,Trevor Booker,Clemson,8,532,10872,3679,2932,566,.515,.305,.636,20.4,6.9,5.5,1.1,26.2,.116,-0.5,4.2
2010,24,ATL,Damion James,Texas,4,39,623,150,131,26,.415,.000,.667,16.0,3.8,3.4,0.7,0.0,-.001,-3.7,-0.3
2010,25,MEM,Dominique Jones,South Florida,3,80,741,246,114,144,.366,.095,.729,9.3,3.1,1.4,1.8,0.3,.017,-2.4,-0.1
2010,26,OKC,Quincy Pondexter,Washington,7,355,5530,1609,640,263,.423,.356,.746,15.6,4.5,1.8,0.7,9.7,.084,-1.8,0.3
2010,27,NJN,Jordan Crawford,Xavier,6,281,6843,3432,703,883,.411,.317,.826,24.4,12.2,2.5,3.1,6.3,.044,-1.3,1.3
2010,28,MEM,Greivis Vásquez,Maryland,7,401,9520,3591,1021,1935,.418,.349,.817,23.7,9.0,2.5,4.8,12.6,.064,-1.2,1.9
2010,29,ORL,Daniel Orton,Kentucky,3,51,542,143,126,24,.485,.000,.597,10.6,2.8,2.5,0.5,1.0,.093,-3.5,-0.2
2010,30,WAS,Lazar Hayward,Marquette,3,72,591,207,90,35,.347,.269,.767,8.2,2.9,1.3,0.5,0.2,.020,-4.2,-0.3
2010,31,NJN,Tibor Pleiß,,1,12,82,24,15,2,.440,.000,1.000,6.8,2.0,1.3,0.2,-0.1,-.041,-11.6,-0.2
2010,32,MIA,Dexter Pittman,Texas,4,50,347,116,89,9,.450,,.545,6.9,2.3,1.8,0.2,0.5,.068,-7.7,-0.5
2010,33,SAC,Hassan Whiteside,Marshall,9,446,11483,5916,5029,301,.581,.308,.603,25.7,13.3,11.3,0.7,46.2,.193,2.6,13.3
2010,34,POR,Armon Johnson,Nevada,2,47,401,157,49,56,.458,.400,.679,8.5,3.3,1.0,1.2,-0.1,-.015,-4.1,-0.2
2010,35,WAS,Nemanja Bjelica,,6,376,7972,2947,1747,657,.465,.385,.766,21.2,7.8,4.6,1.7,16.6,.100,0.1,4.2
2010,36,DET,Terrico White,Ole Miss,,,,,,,,,,,,,,,,,
2010,37,MIL,Darington Hobson,New Mexico,1,5,39,4,3,6,.154,.000,,7.8,0.8,0.6,1.2,-0.2,-.225,-13.0,-0.1
2010,38,NYK,Andy Rautins,Syracuse,1,5,24,8,1,3,.429,.250,.500,4.8,1.6,0.2,0.6,-0.2,-.314,-13.2,-0.1
2010,39,NYK,Landry Fields,Stanford,5,255,6010,1731,1092,419,.473,.332,.666,23.6,6.8,4.3,1.6,10.5,.084,-0.3,2.6
2010,40,IND,Lance Stephenson,Cincinnati,9,508,11866,4354,2124,1456,.444,.315,.685,23.4,8.6,4.2,2.9,16.7,.068,-1.2,2.5
2010,41,MIA,Jarvis Varnado,Mississippi State,2,37,397,107,72,16,.582,,.518,10.7,2.9,1.9,0.4,0.7,.089,-3.3,-0.1
2010,42,MIA,Da'Sean Butler,West Virginia,,,,,,,,,,,,,,,,,
2010,43,LAL,Devin Ebanks,West Virginia,3,63,711,224,122,24,.385,.222,.722,11.3,3.6,1.9,0.4,0.5,.035,-4.8,-0.5
2010,44,MIL,Jerome Jordan,Tulsa,2,65,491,180,132,17,.528,,.852,7.6,2.8,2.0,0.3,1.7,.168,-1.0,0.1
2010,45,MIN,Paulão Prestes,,,,,,,,,,,,,,,,,,
2010,46,PHO,Gani Lawal,Georgia Tech,1,1,2,0,0,0,,,,2.0,0.0,0.0,0.0,0.0,-.009,-15.0,0.0
2010,47,MIL,Tiny Gallon,Oklahoma,,,,,,,,,,,,,,,,,
2010,48,MIA,Latavious Williams,,,,,,,,,,,,,,,,,,
2010,49,SAS,Ryan Richards,,,,,,,,,,,,,,,,,,
2010,50,DAL,Solomon Alabi,Florida State,2,26,181,39,61,5,.314,,.700,7.0,1.5,2.3,0.2,0.0,.010,-4.4,-0.1
2010,51,OKC,Magnum Rolle,Louisiana Tech,,,,,,,,,,,,,,,,,
2010,52,BOS,Luke Harangody,Notre Dame,2,70,871,253,196,36,.376,.241,.737,12.4,3.6,2.8,0.5,0.9,.048,-3.5,-0.3
2010,53,ATL,Pape Sy,,1,3,21,7,3,2,.333,.000,1.000,7.0,2.3,1.0,0.7,0.0,-.047,-6.0,0.0
2010,54,LAC,Willie Warren,Oklahoma,1,19,134,37,12,27,.371,.333,.750,7.1,1.9,0.6,1.4,0.2,.065,-2.7,0.0
2010,55,UTA,Jeremy Evans,Western Kentucky,7,250,2626,879,641,107,.569,.231,.687,10.5,3.5,2.6,0.4,8.2,.150,0.9,1.9
2010,56,MIN,Hamady N'Diaye,Rutgers University,3,33,157,20,25,3,.467,,.462,4.8,0.6,0.8,0.1,0.0,.013,-7.3,-0.2
2010,57,IND,Ryan Reid,Florida State,1,5,17,8,2,0,.800,,,3.4,1.6,0.4,0.0,0.1,.142,-2.0,0.0
2010,58,LAL,Derrick Caracter,Texas-El Paso,1,41,215,81,43,7,.485,,.739,5.2,2.0,1.0,0.2,0.3,.057,-7.1,-0.3
2010,59,ORL,Stanley Robinson,UConn,,,,,,,,,,,,,,,,,
2010,60,PHO,Dwayne Collins,Miami (FL),,,,,,,,,,,,,,,,,
2011,1,CLE,Kyrie Irving,Duke,10,579,19634,13241,2201,3329,.470,.390,.881,33.9,22.9,3.8,5.7,68.3,.167,4.6,32.5
2011,2,MIN,Derrick Williams,Arizona,7,428,8864,3809,1693,293,.434,.300,.710,20.7,8.9,4.0,0.7,14.1,.076,-1.6,0.8
2011,3,UTA,Enes Kanter,,10,709,15619,8190,5625,628,.548,.283,.777,22.0,11.6,7.9,0.9,51.2,.157,-0.1,7.3
2011,4,CLE,Tristan Thompson,Texas,10,671,18602,6236,5822,689,.518,.257,.609,27.7,9.3,8.7,1.0,45.9,.118,-1.6,1.7
2011,5,TOR,Jonas Valančiūnas,,9,618,15805,7932,5688,628,.565,.358,.779,25.6,12.8,9.2,1.0,59.3,.180,0.9,11.6
2011,6,WAS,Jan Veselý,,3,162,2455,590,562,96,.521,.000,.408,15.2,3.6,3.5,0.6,4.0,.078,-2.6,-0.4
2011,7,SAC,Bismack Biyombo,,10,698,14165,3585,4305,417,.526,.000,.566,20.3,5.1,6.2,0.6,27.6,.094,-2.6,-2.3
2011,8,DET,Brandon Knight,Kentucky,8,446,13137,6269,1377,1769,.411,.353,.806,29.5,14.1,3.1,4.0,11.5,.042,-1.6,1.5
2011,9,CHA,Kemba Walker,UConn,10,703,23680,13947,2697,3784,.418,.360,.841,33.7,19.8,3.8,5.4,57.6,.117,2.9,29.1
2011,10,MIL,Jimmer Fredette,BYU,6,241,3213,1438,243,331,.409,.372,.879,13.3,6.0,1.0,1.4,2.2,.033,-2.5,-0.4
2011,11,GSW,Klay Thompson,Washington State,8,615,20340,11995,2130,1416,.459,.419,.848,33.1,19.5,3.5,2.3,46.8,.110,0.7,14.2
2011,12,UTA,Alec Burks,Colorado,10,541,11971,5644,1788,1018,.421,.371,.795,22.1,10.4,3.3,1.9,19.5,.078,-0.9,3.2
2011,13,PHO,Markieff Morris,Kansas,10,696,17398,7679,3665,1126,.446,.341,.776,25.0,11.0,5.3,1.6,26.7,.074,-1.4,2.7
2011,14,HOU,Marcus Morris,Kansas,10,661,17826,8055,3051,970,.435,.378,.762,27.0,12.2,4.6,1.5,33.7,.091,-0.5,6.7
2011,15,IND,Kawhi Leonard,San Diego State,10,574,17963,11049,3679,1658,.493,.384,.858,31.3,19.2,6.4,2.9,82.9,.221,6.8,40.0
2011,16,PHI,Nikola Vučević,USC,10,665,20352,11227,6888,1786,.497,.360,.756,30.6,16.9,10.4,2.7,54.6,.129,2.4,22.5
2011,17,NYK,Iman Shumpert,Georgia Tech,10,461,11470,3320,1534,845,.391,.337,.764,24.9,7.2,3.3,1.8,12.9,.054,-1.7,0.9
2011,18,WAS,Chris Singleton,Florida State,3,148,2605,612,472,92,.376,.319,.633,17.6,4.1,3.2,0.6,2.3,.042,-3.2,-0.8
2011,19,CHA,Tobias Harris,Tennessee,10,677,20985,10999,4148,1469,.475,.367,.827,31.0,16.2,6.1,2.2,52.7,.120,1.2,16.7
2011,20,MIN,Donatas Motiejūnas,,6,251,4566,1832,952,269,.469,.300,.597,18.2,7.3,3.8,1.1,7.1,.075,-2.5,-0.5
2011,21,POR,Nolan Smith,Duke,2,84,829,277,83,97,.371,.260,.714,9.9,3.3,1.0,1.2,-0.8,-.047,-6.0,-0.8
2011,22,DEN,Kenneth Faried,Morehead State University,8,478,11728,5430,3884,470,.546,.222,.654,24.5,11.4,8.1,1.0,38.8,.159,0.5,7.5
2011,23,HOU,Nikola Mirotić,,5,319,7718,3910,1894,407,.423,.359,.808,24.2,12.3,5.9,1.3,20.8,.129,1.6,7.1
2011,24,OKC,Reggie Jackson,Boston College,10,625,15612,7889,1847,2658,.430,.349,.855,25.0,12.6,3.0,4.3,32.9,.101,0.4,9.5
2011,25,BOS,MarShon Brooks,Providence,5,200,3456,1592,424,282,.447,.345,.751,17.3,8.0,2.1,1.4,3.3,.046,-1.6,0.4
2011,26,DAL,Jordan Hamilton,Texas,5,151,2100,890,429,127,.408,.357,.670,13.9,5.9,2.8,0.8,3.0,.069,-0.1,1.0
2011,27,NJN,JaJuan Johnson,Purdue,1,36,298,114,58,6,.446,,.667,8.3,3.2,1.6,0.2,0.2,.032,-3.9,-0.1
2011,28,CHI,Norris Cole,Cleveland State University,6,360,8018,2506,702,981,.407,.324,.743,22.3,7.0,2.0,2.7,3.0,.018,-4.1,-4.1
2011,29,SAS,Cory Joseph,Texas,10,662,14530,4626,1706,1944,.444,.332,.774,21.9,7.0,2.6,2.9,26.1,.086,-1.0,3.8
2011,30,CHI,Jimmy Butler,Marquette,10,631,20886,10969,3315,2517,.458,.325,.838,33.1,17.4,5.3,4.0,84.1,.193,4.5,34.1
2011,31,MIA,Bojan Bogdanović,,7,530,15263,7716,1870,816,.457,.394,.861,28.8,14.6,3.5,1.5,27.6,.087,-1.1,3.6
2011,32,CLE,Justin Harper,Richmond,3,22,150,45,18,4,.340,.276,.333,6.8,2.0,0.8,0.2,-0.3,-.093,-8.7,-0.2
2011,33,DET,Kyle Singler,Duke,6,356,7794,2326,1026,272,.418,.362,.786,21.9,6.5,2.9,0.8,10.0,.062,-2.5,-0.9
2011,34,WAS,Shelvin Mack,Butler,8,456,8392,2997,894,1421,.423,.330,.731,18.4,6.6,2.0,3.1,10.3,.059,-1.9,0.1
2011,35,SAC,Tyler Honeycutt,UCLA,2,24,120,28,24,9,.314,.200,.714,5.0,1.2,1.0,0.4,-0.1,-.049,-5.1,-0.1
2011,36,NJN,Jordan Williams,Maryland,1,43,635,197,156,11,.507,,.652,14.8,4.6,3.6,0.3,1.3,.101,-2.1,0.0
2011,37,LAC,Trey Thompkins,Georgia,1,24,119,57,24,3,.393,.308,.714,5.0,2.4,1.0,0.1,0.0,.004,-5.7,-0.1
2011,38,HOU,Chandler Parsons,Florida,9,440,13246,5571,1972,1201,.462,.373,.713,30.1,12.7,4.5,2.7,28.9,.105,1.1,10.2
2011,39,CHA,Jeremy Tyler,,3,104,1034,373,269,25,.450,.000,.557,9.9,3.6,2.6,0.2,0.3,.014,-7.0,-1.3
2011,40,MIL,Jon Leuer,Wisconsin,8,377,5945,2395,1426,301,.484,.328,.767,15.8,6.4,3.8,0.8,13.2,.107,-0.7,2.0
2011,41,LAL,Darius Morris,Michigan,4,132,1464,430,126,189,.384,.322,.630,11.1,3.3,1.0,1.4,-0.3,-.010,-5.1,-1.2
2011,42,IND,Dāvis Bertāns,,5,327,6451,2797,916,359,.433,.407,.858,19.7,8.6,2.8,1.1,15.8,.117,0.8,4.5
2011,43,CHI,Malcolm Lee,UCLA,3,36,534,140,65,51,.382,.294,.703,14.8,3.9,1.8,1.4,0.4,.040,-2.5,-0.1
2011,44,GSW,Charles Jenkins,Hofstra,2,110,1334,408,100,214,.434,.182,.754,12.1,3.7,0.9,1.9,0.5,.017,-4.5,-0.8
2011,45,NOH,Josh Harrellson,Kentucky,3,75,888,265,227,26,.438,.347,.629,11.8,3.5,3.0,0.3,2.1,.116,-0.4,0.4
2011,46,LAL,Andrew Goudelock,College of Charleston,3,49,475,197,34,24,.393,.345,.875,9.7,4.0,0.7,0.5,0.0,.003,-5.0,-0.3
2011,47,LAC,Travis Leslie,Georgia,1,10,45,14,9,5,.357,,.444,4.5,1.4,0.9,0.5,0.1,.060,-0.3,0.0
2011,48,ATL,Keith Benson,Oakland,1,3,9,0,3,0,.000,,,3.0,0.0,1.0,0.0,0.0,-.005,-7.7,0.0
2011,49,MEM,Josh Selby,Kansas,2,38,296,83,20,34,.330,.143,.720,7.8,2.2,0.5,0.9,-0.7,-.113,-9.5,-0.6
2011,50,PHI,Lavoy Allen,Temple,6,388,6905,1847,1843,384,.471,.133,.682,17.8,4.8,4.8,1.0,13.8,.096,-2.1,-0.1
2011,51,POR,Jon Diebler,Ohio State,,,,,,,,,,,,,,,,,
2011,52,DET,Vernon Macklin,Florida,1,23,135,46,34,5,.543,,.571,5.9,2.0,1.5,0.2,0.5,.161,1.2,0.1
2011,53,ORL,DeAndre Liggins,Kentucky,5,177,1907,346,252,122,.402,.352,.549,10.8,2.0,1.4,0.7,1.6,.040,-2.2,-0.1
2011,54,CLE,Milan Mačvan,,,,,,,,,,,,,,,,,,
2011,55,BOS,E'Twaun Moore,Purdue,10,596,12531,4714,1206,1050,.454,.387,.740,21.0,7.9,2.0,1.8,14.6,.056,-2.0,0.1
2011,56,LAL,Chukwudiebere Maduabum,,,,,,,,,,,,,,,,,,
2011,57,DAL,Tanguy Ngombo,,,,,,,,,,,,,,,,,,
2011,58,LAL,Ater Majok,,,,,,,,,,,,,,,,,,
2011,59,SAS,Ádám Hanga,,,,,,,,,,,,,,,,,,
2011,60,SAC,Isaiah Thomas,Washington,10,528,15230,9531,1292,2604,.435,.363,.872,28.8,18.1,2.4,4.9,45.2,.142,2.2,16.3
2012,1,NOH,Anthony Davis,Kentucky,9,561,19291,13401,5748,1282,.514,.314,.799,34.4,23.9,10.2,2.3,86.6,.215,6.2,40.0
2012,2,CHA,Michael Kidd-Gilchrist,Kentucky,8,446,10978,3750,2420,515,.474,.272,.715,24.6,8.4,5.4,1.2,21.0,.092,-1.8,0.6
2012,3,WAS,Bradley Beal,Florida,9,604,20945,13278,2446,2432,.457,.377,.820,34.7,22.0,4.0,4.0,47.5,.109,1.8,19.9
2012,4,CLE,Dion Waiters,Syracuse,8,419,11835,5505,1108,1163,.412,.346,.694,28.2,13.1,2.6,2.8,8.8,.036,-2.1,-0.4
2012,5,SAC,Thomas Robinson,Kansas,5,313,4204,1528,1507,190,.470,.000,.505,13.4,4.9,4.8,0.6,4.6,.053,-3.5,-1.6
2012,6,POR,Damian Lillard,Weber State,9,678,24632,16688,2837,4487,.438,.375,.893,36.3,24.6,4.2,6.6,91.4,.178,4.8,42.2
2012,7,GSW,Harrison Barnes,UNC,9,670,21176,9301,3385,1190,.452,.377,.800,31.6,13.9,5.1,1.8,38.7,.088,-1.0,5.5
2012,8,TOR,Terrence Ross,Washington,9,607,15178,6896,1746,725,.419,.367,.835,25.0,11.4,2.9,1.2,23.1,.073,-0.7,5.1
2012,9,DET,Andre Drummond,UConn,9,641,19725,9298,8783,867,.538,.135,.470,30.8,14.5,13.7,1.4,62.2,.151,1.3,16.5
2012,10,NOH,Austin Rivers,Duke,9,584,14256,5305,1236,1338,.418,.349,.646,24.4,9.1,2.1,2.3,12.6,.043,-3.0,-3.5
2012,11,POR,Meyers Leonard,Illinois,9,447,7158,2502,1737,395,.482,.390,.809,16.0,5.6,3.9,0.9,15.5,.104,-1.4,1.0
2012,12,HOU,Jeremy Lamb,UConn,9,517,10961,5395,1919,823,.444,.344,.858,21.2,10.4,3.7,1.6,25.5,.112,0.8,7.6
2012,13,PHO,Kendall Marshall,UNC,4,160,3083,802,253,779,.399,.370,.611,19.3,5.0,1.6,4.9,1.0,.015,-3.5,-1.1
2012,14,MIL,John Henson,UNC,8,445,8752,3383,2368,496,.540,.250,.568,19.7,7.6,5.3,1.1,20.7,.113,-0.4,3.4
2012,15,PHI,Maurice Harkless,St. John's,9,571,13085,4024,2078,542,.476,.322,.621,22.9,7.0,3.6,0.9,22.5,.083,-0.7,4.4
2012,16,HOU,Royce White,Iowa State,1,3,9,0,0,0,.000,,,3.0,0.0,0.0,0.0,0.0,-.121,-16.9,0.0
2012,17,DAL,Tyler Zeller,UNC,8,414,7254,2873,1820,367,.508,.286,.764,17.5,6.9,4.4,0.9,17.1,.113,-2.0,0.0
2012,18,HOU,Terrence Jones,Kentucky,6,234,5562,2431,1334,238,.501,.297,.621,23.8,10.4,5.7,1.0,14.7,.127,0.5,3.6
2012,19,ORL,Andrew Nicholson,St. Bonaventure,5,285,4080,1700,857,126,.467,.321,.773,14.3,6.0,3.0,0.4,3.8,.045,-3.6,-1.6
2012,20,DEN,Evan Fournier,,9,562,16023,8044,1552,1489,.450,.378,.806,28.5,14.3,2.8,2.6,26.6,.080,-1.0,4.0
2012,21,BOS,Jared Sullinger,Ohio State,5,269,6532,2893,2006,477,.436,.272,.723,24.3,10.8,7.5,1.8,15.3,.113,-0.4,2.7
2012,22,BOS,Fab Melo,Syracuse,1,6,36,7,3,0,.500,,.250,6.0,1.2,0.5,0.0,0.0,.021,-7.6,-0.1
2012,23,ATL,John Jenkins,Vanderbilt,6,171,2183,855,250,138,.441,.367,.847,12.8,5.0,1.5,0.8,3.0,.065,-1.9,0.1
2012,24,CLE,Jared Cunningham,Oregon State,4,84,605,197,56,39,.347,.306,.674,7.2,2.3,0.7,0.5,0.2,.017,-5.7,-0.6
2012,25,MEM,Tony Wroten,Washington,4,145,3076,1604,363,437,.413,.231,.647,21.2,11.1,2.5,3.0,-1.3,-.021,-3.4,-1.1
2012,26,IND,Miles Plumlee,Duke,7,346,5658,1697,1562,178,.542,,.543,16.4,4.9,4.5,0.5,10.6,.090,-1.9,0.2
2012,27,MIA,Arnett Moultrie,Mississippi State,2,59,729,210,180,12,.547,,.667,12.4,3.6,3.1,0.2,1.7,.113,-2.8,-0.1
2012,28,OKC,Perry Jones,Baylor,3,143,1675,488,252,54,.420,.293,.660,11.7,3.4,1.8,0.4,1.7,.048,-3.5,-0.6
2012,29,CHI,Marquis Teague,Kentucky,3,91,909,217,90,134,.343,.222,.661,10.0,2.4,1.0,1.5,-0.9,-.045,-6.5,-1.0
2012,30,GSW,Festus Ezeli,Vanderbilt,3,170,2394,712,725,63,.513,,.557,14.1,4.2,4.3,0.4,5.9,.119,-2.0,0.0
2012,31,CHA,Jeff Taylor,Vanderbilt,3,132,2566,807,263,107,.409,.319,.665,19.4,6.1,2.0,0.8,1.3,.024,-4.2,-1.5
2012,32,WAS,Tomáš Satoranský,,5,331,7680,2471,987,1399,.476,.367,.823,23.2,7.5,3.0,4.2,16.9,.105,-0.5,2.8
2012,33,CLE,Bernard James,Florida State,3,92,761,203,212,13,.497,.000,.680,8.3,2.2,2.3,0.1,1.9,.117,-1.8,0.0
2012,34,CLE,Jae Crowder,Marquette,9,665,16586,6391,2773,1053,.419,.345,.777,24.9,9.6,4.2,1.6,35.7,.103,0.2,9.2
2012,35,GSW,Draymond Green,Michigan State,9,636,18071,5577,4390,3383,.436,.316,.713,28.4,8.8,6.9,5.3,48.5,.129,2.6,21.0
2012,36,SAC,Orlando Johnson,UC Santa Barbara,3,103,1112,329,180,69,.358,.311,.727,10.8,3.2,1.7,0.7,1.4,.059,-2.4,-0.1
2012,37,TOR,Quincy Acy,Baylor,7,337,5392,1642,1179,217,.444,.350,.759,16.0,4.9,3.5,0.6,8.7,.078,-2.0,-0.1
2012,38,DEN,Quincy Miller,Baylor,3,69,934,295,169,37,.350,.292,.706,13.5,4.3,2.4,0.5,-0.1,-.003,-3.9,-0.5
2012,39,DET,Khris Middleton,Texas A&M,9,581,18423,9734,2785,2080,.460,.397,.879,31.7,16.8,4.8,3.6,45.0,.117,0.6,12.3
2012,40,POR,Will Barton,Memphis,9,552,13846,6203,2315,1429,.433,.352,.786,25.1,11.2,4.2,2.6,22.8,.079,-0.2,6.1
2012,41,POR,Tyshawn Taylor,Kansas,2,61,491,174,33,57,.354,.360,.684,8.0,2.9,0.5,0.9,-0.9,-.088,-8.1,-0.8
2012,42,MIL,Doron Lamb,Kentucky,2,100,1272,345,95,75,.381,.394,.700,12.7,3.5,1.0,0.8,0.1,.005,-5.8,-1.2
2012,43,ATL,Mike Scott,Virginia,9,551,9106,3717,1718,491,.453,.362,.757,16.5,6.7,3.1,0.9,16.7,.088,-1.8,0.5
2012,44,DET,Kim English,Missouri,1,41,407,119,37,26,.375,.280,.724,9.9,2.9,0.9,0.6,0.2,.021,-4.2,-0.2
2012,45,PHI,Justin Hamilton,LSU,3,113,1961,687,403,91,.464,.309,.798,17.4,6.1,3.6,0.8,3.7,.091,-0.9,0.5
2012,46,NOH,Darius Miller,Kentucky,6,271,5358,1597,447,367,.419,.383,.840,19.8,5.9,1.6,1.4,6.5,.058,-2.3,-0.4
2012,47,UTA,Kevin Murphy,Tennessee Technological University,1,17,52,15,4,2,.250,.200,,3.1,0.9,0.2,0.1,-0.3,-.272,-16.8,-0.2
2012,48,NYK,Kostas Papanikolaou,,2,69,1089,249,158,101,.354,.297,.688,15.8,3.6,2.3,1.5,0.3,.015,-2.7,-0.2
2012,49,ORL,Kyle O'Quinn,Norfolk State,8,472,6714,2568,2166,643,.517,.218,.740,14.2,5.4,4.6,1.4,17.8,.128,0.9,5.0
2012,50,DEN,İzzet Türkyılmaz,,,,,,,,,,,,,,,,,,
2012,51,BOS,Kris Joseph,Syracuse,1,10,54,9,7,1,.143,.000,.625,5.4,0.9,0.7,0.1,-0.1,-.127,-9.9,-0.1
2012,52,GSW,Ognjen Kuzmić,,2,37,164,35,38,8,.520,,.600,4.4,0.9,1.0,0.2,0.2,.061,-5.6,-0.2
2012,53,LAC,Furkan Aldemir,,1,41,540,93,176,28,.513,.000,.481,13.2,2.3,4.3,0.7,1.4,.122,-3.6,-0.2
2012,54,PHI,Tornike Shengelia,,2,45,247,59,39,17,.451,.125,.500,5.5,1.3,0.9,0.4,-0.2,-.032,-7.0,-0.3
2012,55,DAL,Darius Johnson-Odom,Marquette,2,7,21,0,6,2,.000,.000,.000,3.0,0.0,0.9,0.3,-0.3,-.597,-25.5,-0.1
2012,56,TOR,Tomislav Zubčić,,,,,,,,,,,,,,,,,,
2012,57,NJN,İlkan Karaman,,,,,,,,,,,,,,,,,,
2012,58,MIN,Robbie Hummel,Purdue,2,98,1397,379,266,50,.418,.343,.867,14.3,3.9,2.7,0.5,1.9,.066,-3.1,-0.4
2012,59,SAS,Marcus Denmon,Missouri,,,,,,,,,,,,,,,,,
2012,60,LAL,Robert Sacre,Gonzaga,4,189,2745,787,593,126,.436,.000,.671,14.5,4.2,3.1,0.7,2.4,.042,-4.0,-1.4
2013,1,CLE,Anthony Bennett,UNLV,4,151,1905,658,472,77,.392,.261,.670,12.6,4.4,3.1,0.5,0.5,.013,-4.8,-1.3
2013,2,ORL,Victor Oladipo,Indiana,8,454,14968,7955,2094,1796,.438,.347,.791,33.0,17.5,4.6,4.0,24.7,.079,0.9,10.9
2013,3,WAS,Otto Porter,Georgetown,8,441,11684,4821,2189,673,.479,.402,.793,26.5,10.9,5.0,1.5,31.1,.128,1.6,10.6
2013,4,CHA,Cody Zeller,Indiana,8,463,10505,4016,2793,660,.517,.227,.729,22.7,8.7,6.0,1.4,30.7,.140,-0.5,4.0
2013,5,PHO,Alex Len,Maryland,8,527,10097,4124,3161,442,.506,.332,.684,19.2,7.8,6.0,0.8,20.5,.098,-1.9,0.2
2013,6,NOH,Nerlens Noel,Kentucky,7,421,9407,3198,2621,468,.549,.200,.652,22.3,7.6,6.2,1.1,26.2,.134,0.9,6.9
2013,7,SAC,Ben McLemore,Kansas,8,488,11188,4342,1163,501,.416,.363,.776,22.9,8.9,2.4,1.0,8.2,.035,-3.0,-2.9
2013,8,DET,Kentavious Caldwell-Pope,Georgia,8,602,17516,6852,1875,989,.418,.355,.803,29.1,11.4,3.1,1.6,31.3,.086,-0.8,5.4
2013,9,MIN,Trey Burke,Michigan,8,452,9910,4562,842,1462,.412,.347,.807,21.9,10.1,1.9,3.2,13.0,.063,-1.2,2.1
2013,10,POR,CJ McCollum,Lehigh,8,524,16334,9866,1762,1707,.454,.396,.826,31.2,18.8,3.4,3.3,36.1,.106,1.2,13.0
2013,11,PHI,Michael Carter-Williams,Syracuse,8,391,9898,4023,1713,1701,.402,.255,.706,25.3,10.3,4.4,4.4,6.7,.032,-1.2,1.9
2013,12,OKC,Steven Adams,Pitt,8,588,15812,5629,4543,726,.591,.077,.548,26.9,9.6,7.7,1.2,49.2,.149,0.3,9.1
2013,13,DAL,Kelly Olynyk,Gonzaga,8,566,12535,5700,2881,1108,.478,.366,.780,22.1,10.1,5.1,2.0,33.1,.127,0.8,8.8
2013,14,UTA,Shabazz Muhammad,UCLA,5,278,4772,2504,770,151,.473,.319,.751,17.2,9.0,2.8,0.5,8.5,.085,-2.0,0.0
2013,15,MIL,Giannis Antetokounmpo,,8,585,19019,12209,5332,2613,.531,.288,.718,32.5,20.9,9.1,4.5,73.8,.186,5.4,35.5
2013,16,BOS,Lucas Nogueira,,4,141,1754,446,388,72,.632,.265,.640,12.4,3.2,2.8,0.5,6.0,.165,2.3,1.9
2013,17,ATL,Dennis Schröder,,8,555,14555,7913,1611,2603,.436,.337,.830,26.2,14.3,2.9,4.7,20.4,.067,-1.1,3.4
2013,18,ATL,Shane Larkin,Miami (FL),4,256,4880,1399,490,737,.422,.336,.777,19.1,5.5,1.9,2.9,4.4,.044,-2.4,-0.6
2013,19,CLE,Sergey Karasev,,3,95,1110,287,140,87,.395,.282,.842,11.7,3.0,1.5,0.9,0.8,.036,-3.4,-0.4
2013,20,CHI,Tony Snell,New Mexico,8,546,12223,3472,1261,640,.432,.397,.844,22.4,6.4,2.3,1.2,18.0,.071,-1.9,0.3
2013,21,UTA,Gorgui Dieng,Louisville,8,549,11848,4282,3291,744,.500,.356,.792,21.6,7.8,6.0,1.4,29.2,.118,0.3,6.7
2013,22,BRK,Mason Plumlee,Duke,8,588,12976,5007,3813,1385,.579,.051,.572,22.1,8.5,6.5,2.4,39.5,.146,1.4,11.3
2013,23,IND,Solomon Hill,Arizona,8,431,9438,2436,1365,643,.391,.334,.798,21.9,5.7,3.2,1.5,11.7,.060,-2.2,-0.4
2013,24,NYK,Tim Hardaway Jr.,Michigan,8,540,14486,7483,1484,991,.424,.360,.814,26.8,13.9,2.7,1.8,23.5,.078,-0.9,4.0
2013,25,LAC,Reggie Bullock,UNC,8,362,7714,2753,836,435,.433,.392,.844,21.3,7.6,2.3,1.2,14.5,.090,-0.6,2.7
2013,26,MIN,Andre Roberson,Colorado,7,307,6801,1382,1230,265,.473,.253,.468,22.2,4.5,4.0,0.9,12.6,.089,-0.6,2.3
2013,27,DEN,Rudy Gobert,,8,541,16061,6511,6082,730,.645,.000,.630,29.7,12.0,11.2,1.3,74.2,.222,3.8,23.7
2013,28,SAS,Livio Jean-Charles,,,,,,,,,,,,,,,,,,
2013,29,OKC,Archie Goodwin,Kentucky,4,165,2396,1040,331,206,.429,.236,.700,14.5,6.3,2.0,1.2,1.1,.022,-3.0,-0.6
2013,30,PHO,Nemanja Nedović,,1,24,142,26,15,13,.205,.167,.875,5.9,1.1,0.6,0.5,-0.4,-.132,-10.0,-0.3
2013,31,CLE,Allen Crabbe,California,7,381,9125,3453,1073,434,.425,.387,.831,24.0,9.1,2.8,1.1,13.7,.072,-1.6,0.9
2013,32,OKC,Álex Abrines,,3,174,2777,924,248,88,.387,.368,.880,16.0,5.3,1.4,0.5,5.0,.086,-1.9,0.1
2013,33,CLE,Carrick Felix,Arizona State,1,7,38,19,6,4,.500,.400,.750,5.4,2.7,0.9,0.6,0.0,.057,-3.4,0.0
2013,34,HOU,Isaiah Canaan,Murray State,6,235,4799,1913,438,454,.371,.351,.836,20.4,8.1,1.9,1.9,4.3,.043,-2.4,-0.5
2013,35,PHI,Glen Rice Jr.,Georgia Tech,2,16,152,43,24,9,.269,.250,.692,9.5,2.7,1.5,0.6,-0.2,-.065,-6.6,-0.2
2013,36,SAC,Ray McCallum,Detroit Mercy,3,154,2808,920,306,368,.408,.335,.711,18.2,6.0,2.0,2.4,2.1,.035,-2.6,-0.4
2013,37,DET,Tony Mitchell,University of North Texas,1,21,79,22,26,2,.417,1.000,.579,3.8,1.0,1.2,0.1,0.2,.151,0.4,0.0
2013,38,WAS,Nate Wolters,South Dakota State,3,84,1575,461,185,209,.423,.261,.635,18.8,5.5,2.2,2.5,0.9,.028,-2.6,-0.2
2013,39,POR,Jeff Withey,Kansas,5,206,2072,666,518,64,.525,.143,.716,10.1,3.2,2.5,0.3,6.8,.157,0.5,1.3
2013,40,POR,Grant Jerrett,Arizona,1,8,51,16,9,3,.269,.067,1.000,6.4,2.0,1.1,0.4,-0.1,-.128,-10.8,-0.1
2013,41,MEM,Jamaal Franklin,San Diego State,2,24,174,42,25,9,.415,.462,1.000,7.3,1.8,1.0,0.4,0.0,-.006,-5.9,-0.2
2013,42,PHI,Pierre Jackson,Baylor,1,8,84,35,9,19,.333,.273,.857,10.5,4.4,1.1,2.4,0.0,.021,-4.4,-0.1
2013,43,MIL,Ricky Ledo,Providence,2,28,277,109,38,21,.336,.371,.769,9.9,3.9,1.4,0.8,-0.6,-.096,-7.6,-0.4
2013,44,DAL,Mike Muscala,Bucknell,8,389,6102,2322,1242,356,.458,.368,.847,15.7,6.0,3.2,0.9,14.5,.114,-0.3,2.7
2013,45,POR,Marko Todorović,,,,,,,,,,,,,,,,,,
2013,46,UTA,Erick Green,Virginia Tech,2,52,452,159,37,42,.377,.288,.857,8.7,3.1,0.7,0.8,0.1,.011,-4.0,-0.2
2013,47,ATL,Raul Neto,,6,315,4828,1761,473,613,.451,.384,.815,15.3,5.6,1.5,1.9,8.4,.084,-1.2,0.9
2013,48,LAL,Ryan Kelly,Duke,4,163,3125,981,504,215,.378,.316,.797,19.2,6.0,3.1,1.3,3.0,.046,-2.6,-0.5
2013,49,CHI,Erik Murphy,Florida,1,24,62,6,8,2,.231,.000,,2.6,0.3,0.3,0.1,-0.1,-.055,-8.6,-0.1
2013,50,ATL,James Ennis,Cal State Long Beach,7,388,7966,2600,1294,370,.457,.360,.797,20.5,6.7,3.3,1.0,16.1,.097,-1.5,0.9
2013,51,ORL,Romero Osby,Oklahoma,,,,,,,,,,,,,,,,,
2013,52,MIN,Lorenzo Brown,NC State,5,103,1185,293,151,183,.364,.170,.707,11.5,2.8,1.5,1.8,-0.2,-.007,-3.5,-0.5
2013,53,IND,Colton Iverson,Colorado State,,,,,,,,,,,,,,,,,
2013,54,WAS,Arsalan Kazemi,Oregon,,,,,,,,,,,,,,,,,
2013,55,MEM,Joffrey Lauvergne,,4,208,2823,1159,789,180,.479,.285,.719,13.6,5.6,3.8,0.9,5.2,.089,-2.1,-0.1
2013,56,DET,Peyton Siva,Louisville,1,24,224,54,14,34,.316,.280,.733,9.3,2.3,0.6,1.4,-0.2,-.032,-6.4,-0.2
2013,57,PHO,Alex Oriakhi,Missouri,,,,,,,,,,,,,,,,,
2013,58,SAS,Deshaun Thomas,Ohio State,,,,,,,,,,,,,,,,,
2013,59,MIN,Bojan Dubljević,,,,,,,,,,,,,,,,,,
2013,60,MEM,Jānis Timma,,,,,,,,,,,,,,,,,,
2014,1,CLE,Andrew Wiggins,Kansas,7,522,18494,10190,2302,1228,.445,.341,.731,35.4,19.5,4.4,2.4,18.7,.048,-1.8,0.9
2014,2,MIL,Jabari Parker,Duke,7,296,8379,4300,1665,600,.494,.321,.740,28.3,14.5,5.6,2.0,13.3,.076,-0.9,2.4
2014,3,PHI,Joel Embiid,Kansas,5,258,7895,6437,2923,793,.487,.329,.808,30.6,24.9,11.3,3.1,31.8,.193,5.0,13.9
2014,4,ORL,Aaron Gordon,Arizona,7,450,12830,5727,2860,1118,.449,.321,.695,28.5,12.7,6.4,2.5,23.4,.087,0.0,6.3
2014,5,UTA,Dante Exum,,6,245,4545,1389,441,515,.407,.305,.764,18.6,5.7,1.8,2.1,3.1,.032,-3.3,-1.5
2014,6,BOS,Marcus Smart,Oklahoma State,7,448,13156,4567,1595,1896,.376,.320,.777,29.4,10.2,3.6,4.2,24.0,.088,-0.3,5.6
2014,7,LAL,Julius Randle,Kentucky,7,442,13429,7635,4064,1438,.486,.340,.739,30.4,17.3,9.2,3.3,27.8,.099,0.3,7.7
2014,8,SAC,Nik Stauskas,Michigan,5,335,6662,2272,688,513,.389,.353,.814,19.9,6.8,2.1,1.5,3.8,.028,-3.0,-1.7
2014,9,CHH,Noah Vonleh,Indiana,7,339,5683,1660,1742,257,.459,.308,.691,16.8,4.9,5.1,0.8,9.2,.078,-2.4,-0.6
2014,10,PHI,Elfrid Payton,Louisiana,7,446,12782,4882,1911,2763,.451,.289,.630,28.7,10.9,4.3,6.2,16.1,.060,-0.8,4.0
2014,11,DEN,Doug McDermott,Creighton,7,471,9658,4179,1111,425,.477,.407,.823,20.5,8.9,2.4,0.9,17.3,.086,-1.8,0.5
2014,12,ORL,Dario Šarić,,5,353,8889,4142,2071,693,.442,.358,.839,25.2,11.7,5.9,2.0,16.3,.088,-0.8,2.6
2014,13,MIN,Zach LaVine,UCLA,7,409,12820,7766,1560,1554,.457,.384,.825,31.3,19.0,3.8,3.8,17.6,.066,0.0,6.6
2014,14,PHO,T.J. Warren,NC State,7,332,9553,5142,1372,397,.507,.357,.780,28.8,15.5,4.1,1.2,19.6,.099,-0.2,4.2
2014,15,ATL,Adreian Payne,Michigan State,4,107,1403,429,315,66,.406,.254,.680,13.1,4.0,2.9,0.6,-0.6,-.019,-5.9,-1.4
2014,16,CHI,Jusuf Nurkić,,7,351,8128,4113,2852,730,.493,.200,.669,23.2,11.7,8.1,2.1,19.3,.114,0.4,4.8
2014,17,BOS,James Young,Kentucky,4,95,812,219,96,28,.367,.277,.563,8.5,2.3,1.0,0.3,0.8,.046,-3.4,-0.3
2014,18,PHO,Tyler Ennis,Syracuse,4,186,2336,779,250,359,.419,.317,.768,12.6,4.2,1.3,1.9,1.3,.026,-3.4,-0.8
2014,19,CHI,Gary Harris,Michigan State,7,403,11665,4811,1039,850,.450,.359,.805,28.9,11.9,2.6,2.1,18.7,.077,-1.3,2.2
2014,20,TOR,Bruno Caboclo,,7,105,1293,442,268,72,.403,.308,.836,12.3,4.2,2.6,0.7,1.5,.054,-2.7,-0.2
2014,21,OKC,Mitch McGary,Michigan,2,52,557,227,183,17,.527,.000,.580,10.7,4.4,3.5,0.3,1.3,.108,-2.6,-0.1
2014,22,MEM,Jordan Adams,UCLA,2,32,263,101,30,19,.402,.385,.607,8.2,3.2,0.9,0.6,0.4,.070,1.7,0.2
2014,23,UTA,Rodney Hood,Duke,7,396,10268,4493,1083,698,.422,.367,.839,25.9,11.3,2.7,1.8,16.7,.078,-1.1,2.2
2014,24,CHH,Shabazz Napier,UConn,6,345,5986,2433,657,849,.397,.345,.815,17.4,7.1,1.9,2.5,8.1,.065,-0.7,2.0
2014,25,HOU,Clint Capela,,7,394,10483,4990,4099,372,.626,.000,.534,26.6,12.7,10.4,0.9,44.1,.202,2.0,10.5
2014,26,MIA,P.J. Hairston,UNC,2,111,2000,664,266,59,.343,.295,.810,18.0,6.0,2.4,0.5,0.9,.021,-3.9,-1.0
2014,27,PHO,Bogdan Bogdanović,,4,250,7091,3479,823,867,.439,.386,.813,28.4,13.9,3.3,3.5,11.8,.080,0.0,3.7
2014,28,LAC,C.J. Wilcox,Washington,3,66,376,132,31,30,.370,.333,.813,5.7,2.0,0.5,0.5,0.1,.007,-4.3,-0.2
2014,29,OKC,Josh Huestis,Stanford,3,76,1068,187,180,23,.346,.312,.240,14.1,2.5,2.4,0.3,0.7,.030,-3.5,-0.4
2014,30,SAS,Kyle Anderson,UCLA,7,432,8986,2792,1834,965,.481,.332,.721,20.8,6.5,4.2,2.2,23.0,.123,1.7,8.5
2014,31,MIL,Damien Inglis,,1,20,156,36,31,10,.351,.231,.875,7.8,1.8,1.6,0.5,-0.1,-.024,-5.6,-0.1
2014,32,PHI,K.J. McDaniels,Clemson,3,148,2092,782,324,95,.412,.290,.776,14.1,5.3,2.2,0.6,1.3,.030,-2.8,-0.4
2014,33,CLE,Joe Harris,Virginia,7,399,10145,4409,1283,663,.484,.438,.779,25.4,11.1,3.2,1.7,19.9,.094,-0.5,3.8
2014,34,NYK,Cleanthony Early,Wichita State,2,56,801,241,123,42,.346,.263,.750,14.3,4.3,2.2,0.8,-0.6,-.039,-5.9,-0.8
2014,35,UTA,Jarnell Stokes,Tennessee,3,28,151,67,40,7,.581,,.531,5.4,2.4,1.4,0.3,0.6,.202,0.1,0.1
2014,36,MIL,Johnny O'Bryant,LSU,4,147,1684,509,352,69,.402,.360,.663,11.5,3.5,2.4,0.5,0.2,.006,-6.2,-1.8
2014,37,TOR,DeAndre Daniels,UConn,,,,,,,,,,,,,,,,,
2014,38,DET,Spencer Dinwiddie,Colorado,7,320,8226,4123,888,1587,.410,.318,.794,25.7,12.9,2.8,5.0,18.4,.107,0.3,4.8
2014,39,PHI,Jerami Grant,Syracuse,7,508,12954,5425,1998,636,.457,.347,.705,25.5,10.7,3.9,1.3,25.8,.096,-0.6,4.4
2014,40,MIN,Glenn Robinson III,Michigan,7,304,5299,1804,776,238,.457,.373,.779,17.4,5.9,2.6,0.8,7.9,.071,-1.7,0.3
2014,41,DEN,Nikola Jokić,,6,449,13434,8258,4394,2674,.533,.349,.834,29.9,18.4,9.8,6.0,63.5,.227,7.9,33.5
2014,42,HOU,Nick Johnson,Arizona,1,28,262,74,39,11,.347,.238,.680,9.4,2.6,1.4,0.4,-0.1,-.020,-6.5,-0.3
2014,43,ATL,Edy Tavares,,2,13,101,33,32,4,.625,,.273,7.8,2.5,2.5,0.3,0.2,.118,-0.4,0.0
2014,44,MIN,Markel Brown,Oklahoma State,3,113,1794,584,234,132,.380,.295,.781,15.9,5.2,2.1,1.2,1.1,.029,-2.9,-0.4
2014,45,CHH,Dwight Powell,Stanford,7,425,7826,3182,1925,416,.567,.290,.744,18.4,7.5,4.5,1.0,29.4,.181,1.4,6.7
2014,46,WAS,Jordan Clarkson,Missouri,7,517,13927,7829,1681,1323,.442,.342,.827,26.9,15.1,3.3,2.6,17.5,.060,-0.6,4.9
2014,47,PHI,Russ Smith,Louisville,2,27,131,53,15,19,.319,.188,.769,4.9,2.0,0.6,0.7,-0.2,-.068,-5.1,-0.1
2014,48,MIL,Lamar Patterson,Pitt,2,40,435,93,57,45,.326,.236,.720,10.9,2.3,1.4,1.1,0.1,.006,-5.7,-0.4
2014,49,CHI,Cameron Bairstow,New Mexico,2,36,167,44,36,7,.296,.200,.846,4.6,1.2,1.0,0.2,-0.1,-.021,-8.1,-0.3
2014,50,PHO,Alec Brown,Green Bay,,,,,,,,,,,,,,,,,
2014,51,NYK,Thanasis Antetokounmpo,,3,75,661,224,148,59,.511,.184,.468,8.8,3.0,2.0,0.8,0.9,.067,-3.5,-0.2
2014,52,PHI,Vasilije Micić,,,,,,,,,,,,,,,,,,
2014,53,MIN,Alessandro Gentile,,,,,,,,,,,,,,,,,,
2014,54,PHI,Nemanja Dangubić,,,,,,,,,,,,,,,,,,
2014,55,MIA,Semaj Christon,Xavier,1,64,973,183,87,130,.345,.190,.548,15.2,2.9,1.4,2.0,0.1,.006,-5.1,-0.8
2014,56,DEN,Devyn Marble,Iowa,2,44,457,97,69,29,.304,.222,.375,10.4,2.2,1.6,0.7,-0.3,-.028,-5.5,-0.4
2014,57,IND,Louis Labeyrie,,,,,,,,,,,,,,,,,,
2014,58,SAS,Jordan McRae,Tennessee,4,123,1696,846,225,167,.417,.355,.772,13.8,6.9,1.8,1.4,1.7,.048,-2.1,0.0
2014,59,TOR,Xavier Thames,San Diego State,,,,,,,,,,,,,,,,,
2014,60,SAS,Cory Jefferson,Baylor,2,58,581,205,161,16,.444,.125,.583,10.0,3.5,2.8,0.3,0.9,.071,-3.3,-0.2
2015,1,MIN,Karl-Anthony Towns,Kentucky,6,404,13865,9257,4696,1201,.528,.395,.835,34.3,22.9,11.6,3.0,55.3,.192,4.8,23.7
2015,2,LAL,D'Angelo Russell,Ohio State,6,355,10274,6262,1275,1883,.422,.361,.773,28.9,17.6,3.6,5.3,9.8,.046,0.4,6.3
2015,3,PHI,Jahlil Okafor,Duke,6,244,4766,2542,1157,225,.542,.240,.675,19.5,10.4,4.7,0.9,7.1,.072,-2.0,0.0
2015,4,NYK,Kristaps Porziņģis,,5,283,8823,5283,2219,414,.440,.358,.808,31.2,18.7,7.8,1.5,21.2,.115,1.3,7.3
2015,5,ORL,Mario Hezonja,,5,330,6107,2284,1026,415,.417,.319,.812,18.5,6.9,3.1,1.3,3.2,.025,-2.8,-1.2
2015,6,SAC,Willie Cauley-Stein,Kentucky,6,398,9041,3620,2416,587,.544,.167,.612,22.7,9.1,6.1,1.5,23.0,.122,-0.1,4.4
2015,7,DEN,Emmanuel Mudiay,,5,300,7176,3296,884,1139,.401,.323,.744,23.9,11.0,2.9,3.8,-0.2,-.001,-3.2,-2.2
2015,8,DET,Stanley Johnson,Arizona,6,367,7173,2229,1127,516,.374,.296,.757,19.5,6.1,3.1,1.4,4.1,.027,-2.9,-1.6
2015,9,CHO,Frank Kaminsky,Wisconsin,6,364,7669,3422,1461,594,.427,.348,.738,21.1,9.4,4.0,1.6,14.2,.089,-0.4,3.1
2015,10,MIA,Justise Winslow,Duke,6,265,7312,2334,1398,701,.410,.321,.642,27.6,8.8,5.3,2.6,6.9,.045,-2.1,-0.3
2015,11,IND,Myles Turner,Texas,6,389,11144,4945,2582,469,.487,.352,.770,28.6,12.7,6.6,1.2,29.7,.128,0.5,7.1
2015,12,UTA,Trey Lyles,Kentucky,6,374,6680,2717,1574,389,.435,.341,.705,17.9,7.3,4.2,1.0,11.0,.079,-1.2,1.3
2015,13,PHO,Devin Booker,Kentucky,6,406,13627,9316,1509,1889,.455,.352,.869,33.6,22.9,3.7,4.7,22.1,.078,-0.1,6.4
2015,14,OKC,Cameron Payne,Murray State,6,217,3622,1447,434,600,.423,.367,.818,16.7,6.7,2.0,2.8,5.7,.076,-1.0,1.0
2015,15,ATL,Kelly Oubre Jr.,Kansas,6,403,10062,4632,1772,400,.433,.326,.764,25.0,11.5,4.4,1.0,14.3,.068,-1.9,0.2
2015,16,BOS,Terry Rozier,Louisville,6,400,9820,4565,1527,1160,.410,.378,.814,24.6,11.4,3.8,2.9,18.1,.088,0.3,5.7
2015,17,MIL,Rashad Vaughn,UNLV,3,139,1671,423,158,75,.337,.313,.692,12.0,3.0,1.1,0.5,-0.6,-.017,-4.7,-1.2
2015,18,HOU,Sam Dekker,Wisconsin,4,200,3096,1094,607,160,.478,.288,.606,15.5,5.5,3.0,0.8,5.4,.083,-1.4,0.5
2015,19,WAS,Jerian Grant,Notre Dame,5,279,4998,1692,530,805,.411,.323,.770,17.9,6.1,1.9,2.9,8.3,.080,-1.6,0.5
2015,20,TOR,Delon Wright,Utah,6,330,7000,2565,1082,1037,.453,.350,.792,21.2,7.8,3.3,3.1,19.0,.130,2.1,7.3
2015,21,DAL,Justin Anderson,Virginia,5,226,2964,1182,575,151,.413,.296,.774,13.1,5.2,2.5,0.7,4.6,.074,-1.4,0.5
2015,22,CHI,Bobby Portis,Arkansas,6,377,7736,3920,2311,448,.467,.379,.751,20.5,10.4,6.1,1.2,15.3,.095,-0.9,2.2
2015,23,POR,Rondae Hollis-Jefferson,Arizona,6,305,6759,2760,1684,579,.449,.212,.735,22.2,9.0,5.5,1.9,12.9,.091,-0.7,2.3
2015,24,CLE,Tyus Jones,Duke,6,377,6758,2150,613,1354,.431,.338,.816,17.9,5.7,1.6,3.6,14.1,.100,0.1,3.5
2015,25,MEM,Jarell Martin,LSU,4,184,2927,998,639,114,.434,.346,.766,15.9,5.4,3.5,0.6,3.2,.053,-4.3,-1.7
2015,26,SAS,Nikola Milutinov,,,,,,,,,,,,,,,,,,
2015,27,LAL,Larry Nance Jr.,Wyoming,6,350,8487,2889,2329,666,.529,.333,.687,24.2,8.3,6.7,1.9,22.1,.125,1.2,6.8
2015,28,BOS,R.J. Hunter,Georgia State University,4,45,395,133,46,19,.371,.295,.818,8.8,3.0,1.0,0.4,0.4,.051,-2.0,0.0
2015,29,BRK,Chris McCullough,Syracuse,3,59,532,194,112,15,.426,.306,.548,9.0,3.3,1.9,0.3,0.6,.054,-2.5,-0.1
2015,30,GSW,Kevon Looney,UCLA,6,281,4175,1209,1115,322,.567,.175,.608,14.9,4.3,4.0,1.1,13.4,.154,-0.8,1.3
2015,31,MIN,Cedi Osman,,4,259,6477,2539,901,555,.420,.348,.736,25.0,9.8,3.5,2.1,4.5,.033,-2.9,-1.4
2015,32,HOU,Montrezl Harrell,Louisville,6,384,8174,4938,1986,496,.616,.083,.650,21.3,12.9,5.2,1.3,33.3,.196,2.7,9.6
2015,33,BOS,Jordan Mickey,LSU,3,64,482,152,128,17,.449,.118,.605,7.5,2.4,2.0,0.3,0.5,.050,-4.8,-0.3
2015,34,LAL,Anthony Brown,Stanford,3,41,762,161,103,28,.328,.286,.850,18.6,3.9,2.5,0.7,-0.2,-.016,-5.1,-0.6
2015,35,PHI,Willy Hernangómez,,5,252,3748,1753,1424,259,.536,.306,.685,14.9,7.0,5.7,1.0,11.1,.143,0.0,1.9
2015,36,MIN,Rakeem Christmas,Syracuse,2,30,225,63,57,4,.467,,.724,7.5,2.1,1.9,0.1,0.5,.105,-4.7,-0.2
2015,37,PHI,Richaun Holmes,Bowling Green,6,329,6811,3121,1841,352,.598,.252,.740,20.7,9.5,5.6,1.1,23.2,.164,0.5,4.3
2015,38,DET,Darrun Hilliard,Villanova,3,91,859,295,85,71,.377,.304,.747,9.4,3.2,0.9,0.8,0.3,.016,-4.7,-0.6
2015,39,CHO,Juan Pablo Vaulet,,,,,,,,,,,,,,,,,,
2015,40,MIA,Josh Richardson,Tennessee,6,369,11352,4571,1184,1049,.427,.357,.831,30.8,12.4,3.2,2.8,20.4,.086,-0.5,4.2
2015,41,BRK,Pat Connaughton,Notre Dame,6,347,5923,1800,1093,436,.443,.355,.783,17.1,5.2,3.1,1.3,13.6,.111,-0.3,2.5
2015,42,UTA,Olivier Hanlan,Boston College,,,,,,,,,,,,,,,,,
2015,43,IND,Joe Young,Oregon,3,127,1077,429,130,119,.393,.296,.768,8.5,3.4,1.0,0.9,0.4,.016,-4.1,-0.6
2015,44,PHO,Andrew Harrison,Kentucky,3,145,2987,1012,287,399,.373,.294,.779,20.6,7.0,2.0,2.8,3.2,.051,-2.8,-0.6
2015,45,BOS,Marcus Thornton,William & Mary,,,,,,,,,,,,,,,,,
2015,46,MIL,Norman Powell,UCLA,6,372,7818,3857,926,521,.463,.376,.836,21.0,10.4,2.5,1.4,16.5,.101,-0.2,3.6
2015,47,PHI,Artūras Gudaitis,,,,,,,,,,,,,,,,,,
2015,48,OKC,Dakari Johnson,Kentucky,1,31,161,55,34,8,.564,,.550,5.2,1.8,1.1,0.3,0.6,.178,-0.3,0.1
2015,49,WAS,Aaron White,Iowa,,,,,,,,,,,,,,,,,
2015,50,ATL,Marcus Eriksson,,,,,,,,,,,,,,,,,,
2015,51,ORL,Tyler Harvey,Eastern Washington,,,,,,,,,,,,,,,,,
2015,52,DAL,Satnam Singh,,,,,,,,,,,,,,,,,,
2015,53,CLE,Sir'Dominic Pointer,St. John's,,,,,,,,,,,,,,,,,
2015,54,UTA,Dani Díez,,,,,,,,,,,,,,,,,,
2015,55,SAS,Cady Lalanne,UMass,,,,,,,,,,,,,,,,,
2015,56,NOP,Branden Dawson,Michigan State,1,6,29,5,4,0,.400,,1.000,4.8,0.8,0.7,0.0,0.0,.069,-5.7,0.0
2015,57,DEN,Nikola Radičević,,,,,,,,,,,,,,,,,,
2015,58,PHI,J.P. Tokoto,UNC,,,,,,,,,,,,,,,,,
2015,59,ATL,Dimitrios Agravanis,,,,,,,,,,,,,,,,,,
2015,60,PHI,Luka Mitrović,,,,,,,,,,,,,,,,,,
2016,1,PHI,Ben Simmons,LSU,4,272,9237,4341,2204,2105,.560,.147,.596,34.0,16.0,8.1,7.7,30.0,.156,3.7,13.3
2016,2,LAL,Brandon Ingram,Duke,5,313,10211,5566,1576,1105,.461,.367,.756,32.6,17.8,5.0,3.5,14.9,.070,-0.7,3.4
2016,3,BOS,Jaylen Brown,California,5,337,9339,5085,1590,591,.473,.378,.699,27.7,15.1,4.7,1.8,18.8,.097,-0.4,3.9
2016,4,PHO,Dragan Bender,,4,187,3755,1014,720,237,.399,.323,.654,20.1,5.4,3.9,1.3,0.5,.006,-4.0,-1.9
2016,5,MIN,Kris Dunn,Providence,5,231,5561,1889,766,950,.420,.305,.727,24.1,8.2,3.3,4.1,3.7,.032,-1.9,0.1
2016,6,NOP,Buddy Hield,Oklahoma,5,383,11051,6137,1634,925,.435,.406,.864,28.9,16.0,4.3,2.4,15.0,.065,0.4,6.6
2016,7,DEN,Jamal Murray,Kentucky,5,345,10384,5639,1258,1322,.446,.367,.878,30.1,16.3,3.6,3.8,20.8,.096,0.2,5.9
2016,8,SAC,Marquese Chriss,Washington,5,258,4992,2052,1263,281,.455,.289,.667,19.3,8.0,4.9,1.1,5.7,.055,-2.3,-0.4
2016,9,TOR,Jakob Poeltl,Utah,5,344,6314,2081,1852,400,.634,.500,.529,18.4,6.0,5.4,1.2,21.7,.165,0.8,4.4
2016,10,MIL,Thon Maker,,5,263,3624,1216,726,161,.435,.327,.680,13.8,4.6,2.8,0.6,6.6,.087,-2.1,-0.1
2016,11,ORL,Domantas Sabonis,Gonzaga,5,349,9526,4718,3008,1127,.525,.319,.725,27.3,13.5,8.6,3.2,27.0,.136,1.2,7.6
2016,12,UTA,Taurean Prince,Baylor,5,301,7759,3397,1268,579,.411,.370,.823,25.8,11.3,4.2,1.9,6.1,.038,-1.9,0.1
2016,13,PHO,Georgios Papagiannis,,2,39,477,160,123,29,.514,.000,.857,12.2,4.1,3.2,0.7,0.4,.044,-3.9,-0.2
2016,14,CHI,Denzel Valentine,Michigan State,4,230,4558,1718,811,450,.396,.358,.787,19.8,7.5,3.5,2.0,4.3,.046,-1.8,0.2
2016,15,DEN,Juan Hernangómez,,5,253,4149,1447,895,166,.431,.353,.694,16.4,5.7,3.5,0.7,7.3,.084,-1.8,0.2
2016,16,BOS,Guerschon Yabusele,,2,74,486,173,105,31,.442,.323,.682,6.6,2.3,1.4,0.4,1.1,.105,-1.9,0.0
2016,17,MEM,Wade Baldwin,Vanderbilt,3,56,579,174,69,78,.355,.250,.776,10.3,3.1,1.2,1.4,-0.3,-.028,-5.3,-0.5
2016,18,DET,Henry Ellenson,Marquette,5,83,787,342,206,49,.371,.336,.773,9.5,4.1,2.5,0.6,0.4,.024,-3.7,-0.3
2016,19,DEN,Malik Beasley,Florida State,5,257,5050,2535,598,302,.446,.391,.816,19.6,9.9,2.3,1.2,7.6,.072,-1.1,1.2
2016,20,IND,Caris LeVert,Michigan,5,256,6843,3578,986,976,.435,.337,.726,26.7,14.0,3.9,3.8,9.4,.066,-0.5,2.6
2016,21,ATL,DeAndre' Bembry,Saint Joseph's,5,236,4505,1413,772,449,.459,.272,.608,19.1,6.0,3.3,1.9,2.1,.022,-2.7,-0.8
2016,22,CHO,Malachi Richardson,Syracuse,3,70,625,198,70,24,.358,.301,.783,8.9,2.8,1.0,0.3,-0.1,-.009,-6.1,-0.7
2016,23,BOS,Ante Žižić,,3,113,1517,674,446,64,.581,,.711,13.4,6.0,3.9,0.6,3.5,.110,-2.6,-0.2
2016,24,PHI,Timothé Luwawu-Cabarrot,,5,273,4551,1703,572,250,.390,.331,.827,16.7,6.2,2.1,0.9,3.8,.040,-4.2,-2.6
2016,25,LAC,Brice Johnson,UNC,2,21,107,47,34,3,.449,.000,.600,5.1,2.2,1.6,0.1,0.1,.062,-0.6,0.0
2016,26,PHI,Furkan Korkmaz,,4,186,3319,1488,392,209,.413,.380,.753,17.8,8.0,2.1,1.1,6.0,.086,-1.1,0.8
2016,27,TOR,Pascal Siakam,New Mexico State,5,332,9202,4739,1942,881,.488,.325,.782,27.7,14.3,5.8,2.7,25.3,.132,1.2,7.4
2016,28,PHO,Skal Labissière,Kentucky,4,148,2595,1069,662,152,.492,.353,.748,17.5,7.2,4.5,1.0,4.4,.081,-2.3,-0.2
2016,29,SAS,Dejounte Murray,Washington,4,248,5761,2499,1324,888,.452,.333,.761,23.2,10.1,5.3,3.6,9.0,.075,0.2,3.2
2016,30,GSW,Damian Jones,Vanderbilt,5,139,1901,615,411,84,.673,.250,.692,13.7,4.4,3.0,0.6,5.6,.142,-1.6,0.2
2016,31,BOS,Deyonta Davis,Michigan State,3,107,1299,454,346,47,.599,.000,.635,12.1,4.2,3.2,0.4,3.6,.131,-2.1,0.0
2016,32,LAL,Ivica Zubac,,5,280,4925,2187,1685,285,.586,.000,.764,17.6,7.8,6.0,1.0,18.5,.181,0.4,3.0
2016,33,LAC,Cheick Diallo,Kansas,4,180,2155,947,747,78,.598,.286,.772,12.0,5.3,4.2,0.4,6.3,.140,-1.3,0.4
2016,34,PHO,Tyler Ulis,Kentucky,3,133,2782,998,223,537,.403,.280,.808,20.9,7.5,1.7,4.0,0.5,.008,-3.6,-1.1
2016,35,BOS,Rade Zagorac,,,,,,,,,,,,,,,,,,
2016,36,MIL,Malcolm Brogdon,Virginia,5,297,8846,4472,1213,1384,.466,.386,.887,29.8,15.1,4.1,4.7,21.6,.117,0.8,6.4
2016,37,HOU,Chinanu Onuaku,Louisville,2,6,74,18,14,4,.583,,1.000,12.3,3.0,2.3,0.7,0.1,.043,-5.4,-0.1
2016,38,MIL,Patrick McCaw,UNLV,5,199,3373,760,319,270,.420,.305,.785,16.9,3.8,1.6,1.4,4.4,.062,-2.8,-0.6
2016,39,NOP,David Michineau,,,,,,,,,,,,,,,,,,
2016,40,NOP,Diamond Stone,Maryland,1,7,24,10,6,0,.231,,1.000,3.4,1.4,0.9,0.0,-0.1,-.211,-20.8,-0.1
2016,41,ORL,Stephen Zimmerman,UNLV,1,19,108,23,35,4,.323,,.600,5.7,1.2,1.8,0.2,0.0,-.005,-8.3,-0.2
2016,42,UTA,Isaiah Whitehead,Seton Hall,2,89,1823,643,210,212,.411,.305,.788,20.5,7.2,2.4,2.4,-0.9,-.025,-5.0,-1.4
2016,43,HOU,Zhou Qi,,2,19,125,24,22,2,.212,.105,.667,6.6,1.3,1.2,0.1,-0.2,-.093,-9.6,-0.2
2016,44,ATL,Isaïa Cordinier,,,,,,,,,,,,,,,,,,
2016,45,BOS,Demetrius Jackson,Notre Dame,3,26,136,48,19,17,.486,.286,.667,5.2,1.8,0.7,0.7,0.2,.087,-0.5,0.1
2016,46,DAL,A.J. Hammons,Purdue,1,22,163,48,36,4,.405,.500,.450,7.4,2.2,1.6,0.2,0.0,-.001,-6.6,-0.2
2016,47,ORL,Jake Layman,Maryland,5,207,2850,1089,379,118,.464,.306,.719,13.8,5.3,1.8,0.6,3.7,.062,-2.2,-0.2
2016,48,CHI,Paul Zipser,,2,98,1667,458,256,82,.371,.335,.769,17.0,4.7,2.6,0.8,0.0,-.001,-5.2,-1.4
2016,49,DET,Michael Gbinije,Syracuse,1,9,32,4,3,2,.100,.000,1.000,3.6,0.4,0.3,0.2,-0.1,-.136,-12.1,-0.1
2016,50,IND,Georges Niang,Iowa State,5,225,2629,1116,408,143,.437,.405,.862,11.7,5.0,1.8,0.6,5.0,.092,-0.7,0.8
2016,51,BOS,Ben Bentil,Providence,1,3,10,0,2,0,.000,.000,,3.3,0.0,0.7,0.0,-0.1,-.473,-25.9,-0.1
2016,52,UTA,Joel Bolomboy,Weber State,2,18,91,31,27,2,.545,.200,.500,5.1,1.7,1.5,0.1,0.3,.132,-0.1,0.0
2016,53,DEN,Petr Cornelie,,,,,,,,,,,,,,,,,,
2016,54,ATL,Kay Felder,Oakland,2,58,526,223,59,78,.364,.268,.754,9.1,3.8,1.0,1.3,-0.4,-.041,-4.7,-0.4
2016,55,BRK,Marcus Paige,UNC,1,5,28,12,4,3,.286,.250,1.000,5.6,2.4,0.8,0.6,0.0,-.006,-8.8,0.0
2016,56,DEN,Daniel Hamilton,UConn,2,25,232,69,52,30,.394,.357,.500,9.3,2.8,2.1,1.2,0.0,.000,-3.3,-0.1
2016,57,MEM,Wang Zhelin,,,,,,,,,,,,,,,,,,
2016,58,BOS,Abdel Nader,Iowa State,4,188,2438,892,349,103,.432,.360,.725,13.0,4.7,1.9,0.5,2.8,.055,-2.5,-0.3
2016,59,SAC,Isaiah Cousins,Oklahoma,,,,,,,,,,,,,,,,,
2016,60,UTA,Tyrone Wallace,California,3,106,1639,549,228,126,.425,.203,.671,15.5,5.2,2.2,1.2,0.2,.006,-5.1,-1.3
2017,1,PHI,Markelle Fultz,Washington,4,113,2891,1228,376,524,.447,.265,.695,25.6,10.9,3.3,4.6,3.1,.052,-2.2,-0.2
2017,2,LAL,Lonzo Ball,UCLA,4,216,6941,2528,1249,1382,.396,.352,.560,32.1,11.7,5.8,6.4,9.1,.063,0.8,4.8
2017,3,BOS,Jayson Tatum,Duke,4,286,9352,5506,1784,763,.458,.396,.841,32.7,19.3,6.2,2.7,25.2,.129,2.1,9.6
2017,4,PHO,Josh Jackson,Kansas,4,237,5806,2909,1001,468,.418,.299,.675,24.5,12.3,4.2,2.0,-1.6,-.014,-3.8,-2.7
2017,5,SAC,De'Aaron Fox,Kentucky,4,263,8242,4781,907,1675,.458,.326,.718,31.3,18.2,3.4,6.4,13.2,.077,0.1,4.5
2017,6,ORL,Jonathan Isaac,Florida State,3,136,3512,1269,741,146,.435,.330,.797,25.8,9.3,5.4,1.1,6.7,.091,0.2,2.0
2017,7,MIN,Lauri Markkanen,Arizona,4,217,6412,3377,1543,269,.438,.362,.846,29.5,15.6,7.1,1.2,11.3,.084,-0.3,2.7
2017,8,NYK,Frank Ntilikina,,4,207,4088,1143,413,560,.364,.323,.749,19.7,5.5,2.0,2.7,-0.6,-.007,-4.6,-2.7
2017,9,DAL,Dennis Smith Jr.,NC State,4,179,4514,2111,548,785,.400,.316,.652,25.2,11.8,3.1,4.4,-1.0,-.010,-2.4,-0.5
2017,10,SAC,Zach Collins,Gonzaga,3,154,2691,881,614,139,.444,.324,.722,17.5,5.7,4.0,0.9,3.9,.069,-2.6,-0.4
2017,11,CHO,Malik Monk,Kentucky,4,229,4106,2109,455,403,.404,.341,.844,17.9,9.2,2.0,1.8,2.1,.024,-2.6,-0.6
2017,12,DET,Luke Kennard,Duke,4,223,4975,2094,612,453,.449,.416,.859,22.3,9.4,2.7,2.0,9.6,.093,-0.7,1.7
2017,13,DEN,Donovan Mitchell,Louisville,4,278,9371,6501,1151,1184,.439,.362,.829,33.7,23.4,4.1,4.3,21.8,.112,1.8,9.1
2017,14,MIA,Bam Adebayo,Kentucky,4,284,7738,3504,2259,978,.559,.159,.738,27.2,12.3,8.0,3.4,27.9,.173,2.7,9.2
2017,15,POR,Justin Jackson,UNC,4,247,4709,1632,624,273,.428,.321,.800,19.1,6.6,2.5,1.1,5.3,.054,-2.8,-0.9
2017,16,CHI,Justin Patton,Creighton,4,22,296,86,60,19,.404,.250,.667,13.5,3.9,2.7,0.9,0.4,.067,-2.6,0.0
2017,17,MIL,D.J. Wilson,Michigan,4,142,1749,617,436,103,.411,.329,.598,12.3,4.3,3.1,0.7,2.5,.067,-2.9,-0.4
2017,18,IND,T.J. Leaf,UCLA,4,144,1231,477,282,43,.494,.341,.585,8.5,3.3,2.0,0.3,2.8,.108,-1.7,0.1
2017,19,ATL,John Collins,Wake Forest,4,235,6721,3888,1995,355,.567,.375,.774,28.6,16.5,8.5,1.5,22.5,.160,1.3,5.7
2017,20,POR,Harry Giles,Duke,3,140,1827,830,541,173,.512,.267,.671,13.1,5.9,3.9,1.2,3.0,.079,-2.5,-0.2
2017,21,OKC,Terrance Ferguson,,4,204,4000,924,263,144,.404,.334,.753,19.6,4.5,1.3,0.7,4.4,.053,-4.0,-2.1
2017,22,BRK,Jarrett Allen,Texas,4,281,7124,2994,2318,367,.614,.195,.696,25.4,10.7,8.2,1.3,26.2,.177,1.2,5.8
2017,23,TOR,OG Anunoby,Indiana,4,253,6332,2322,982,304,.480,.375,.692,25.0,9.2,3.9,1.2,13.9,.105,0.0,3.1
2017,24,UTA,Tyler Lydon,Syracuse,2,26,96,23,18,6,.500,.400,.333,3.7,0.9,0.7,0.2,0.2,.084,-4.3,-0.1
2017,25,ORL,Anžejs Pasečņiks,,2,28,443,156,108,19,.521,.000,.586,15.8,5.6,3.9,0.7,0.4,.038,-6.2,-0.5
2017,26,POR,Caleb Swanigan,Purdue,3,75,655,169,218,56,.438,.118,.614,8.7,2.3,2.9,0.7,-0.2,-.015,-6.2,-0.7
2017,27,BRK,Kyle Kuzma,Utah,4,272,8082,4150,1535,515,.446,.337,.729,29.7,15.3,5.6,1.9,11.9,.071,-1.3,1.4
2017,28,LAL,Tony Bradley,UNC,4,109,1363,588,515,57,.651,.429,.663,12.5,5.4,4.7,0.5,5.9,.209,0.9,1.0
2017,29,SAS,Derrick White,Colorado,4,188,4608,2035,603,640,.452,.357,.825,24.5,10.8,3.2,3.4,10.2,.107,1.1,3.6
2017,30,UTA,Josh Hart,Villanova,4,242,6280,2111,1313,390,.432,.348,.728,26.0,8.7,5.4,1.6,11.4,.087,-0.8,1.9
2017,31,CHO,Frank Jackson,Duke,3,160,2704,1256,303,166,.431,.348,.767,16.9,7.9,1.9,1.0,1.8,.032,-4.2,-1.5
2017,32,PHO,Davon Reed,Miami (FL),2,31,289,75,45,16,.307,.310,.667,9.3,2.4,1.5,0.5,-0.2,-.039,-6.3,-0.3
2017,33,ORL,Wesley Iwundu,Kansas State,4,221,3725,963,537,208,.409,.287,.799,16.9,4.4,2.4,0.9,4.2,.054,-3.8,-1.7
2017,34,SAC,Frank Mason III,Kansas,4,103,1616,695,204,272,.396,.301,.755,15.7,6.7,2.0,2.6,1.2,.035,-2.7,-0.3
2017,35,ORL,Ivan Rabb,California,2,85,1237,485,364,86,.555,.200,.743,14.6,5.7,4.3,1.0,3.2,.125,-1.7,0.1
2017,36,PHI,Jonah Bolden,,2,51,686,217,174,40,.486,.340,.484,13.5,4.3,3.4,0.8,1.4,.098,-1.3,0.1
2017,37,BOS,Semi Ojeleye,SMU,4,250,3654,866,529,116,.394,.352,.701,14.6,3.5,2.1,0.5,4.9,.065,-3.2,-1.1
2017,38,CHI,Jordan Bell,Oregon,4,159,1920,592,491,199,.554,.200,.638,12.1,3.7,3.1,1.3,4.9,.122,0.2,1.1
2017,39,PHI,Jawun Evans,Oklahoma State,2,56,843,237,96,110,.345,.263,.776,15.1,4.2,1.7,2.0,-0.4,-.022,-5.4,-0.7
2017,40,NOP,Dwayne Bacon,Florida State,4,203,3917,1480,519,221,.407,.320,.784,19.3,7.3,2.6,1.1,1.1,.013,-4.9,-2.9
2017,41,ATL,Tyler Dorsey,Oregon,2,104,1672,701,243,135,.389,.350,.669,16.1,6.7,2.3,1.3,1.0,.030,-3.1,-0.5
2017,42,UTA,Thomas Bryant,Indiana,4,143,2986,1532,863,196,.600,.362,.748,20.9,10.7,6.0,1.4,10.5,.169,1.8,2.8
2017,43,HOU,Isaiah Hartenstein,,3,97,1046,396,318,88,.566,.235,.673,10.8,4.1,3.3,0.9,3.1,.141,-1.5,0.1
2017,44,NYK,Damyean Dotson,Oregon,4,208,4142,1557,524,309,.414,.344,.713,19.9,7.5,2.5,1.5,2.9,.033,-2.8,-0.9
2017,45,HOU,Dillon Brooks,Oregon,4,236,6658,3272,713,445,.419,.355,.792,28.2,13.9,3.0,1.9,3.5,.025,-4.2,-3.7
2017,46,PHI,Sterling Brown,SMU,4,215,3806,1271,734,232,.426,.374,.781,17.7,5.9,3.4,1.1,5.8,.073,-2.0,0.0
2017,47,IND,Ike Anigbogu,UCLA,2,14,36,13,12,1,.333,,.833,2.6,0.9,0.9,0.1,0.0,.057,-1.1,0.0
2017,48,MIL,Sindarius Thornwell,South Carolina,4,156,1634,382,196,99,.405,.337,.672,10.5,2.4,1.3,0.6,1.0,.029,-3.1,-0.5
2017,49,DEN,Vlatko Čančar,,2,51,252,73,50,15,.415,.226,.857,4.9,1.4,1.0,0.3,0.2,.037,-3.5,-0.1
2017,50,PHI,Mathias Lessort,,,,,,,,,,,,,,,,,,
2017,51,DEN,Monte Morris,Iowa State,4,202,4782,1974,428,700,.478,.392,.815,23.7,9.8,2.1,3.5,12.9,.129,0.3,2.8
2017,52,NOP,Edmond Sumner,Xavier,4,107,1507,617,163,113,.477,.335,.728,14.1,5.8,1.5,1.1,2.1,.065,-3.0,-0.4
2017,53,BOS,Kadeem Allen,Arizona,3,47,640,258,71,109,.435,.349,.757,13.6,5.5,1.5,2.3,1.0,.075,-1.0,0.2
2017,54,PHO,Alec Peters,Valparaiso,1,20,225,82,37,12,.378,.310,.800,11.3,4.1,1.9,0.6,0.3,.055,-2.8,0.0
2017,55,UTA,Nigel Williams-Goss,Gonzaga,1,10,50,14,6,6,.313,.286,1.000,5.0,1.4,0.6,0.6,0.0,.017,-3.9,0.0
2017,56,BOS,Jabari Bird,California,1,13,115,39,19,8,.577,.429,.462,8.8,3.0,1.5,0.6,0.2,.098,-3.1,0.0
2017,57,BRK,Sasha Vezenkov,,,,,,,,,,,,,,,,,,
2017,58,NYK,Ognjen Jaramaz,,,,,,,,,,,,,,,,,,
2017,59,SAS,Jaron Blossomgame,Clemson,1,27,439,114,98,13,.443,.256,.769,16.3,4.2,3.6,0.5,0.3,.030,-3.8,-0.2
2017,60,ATL,Alpha Kaba,,,,,,,,,,,,,,,,,,
2018,1,PHO,Deandre Ayton,Arizona,3,177,5502,2838,1884,296,.587,.189,.756,31.1,16.0,10.6,1.7,17.3,.151,0.5,3.5
2018,2,SAC,Marvin Bagley III,Duke,3,118,3013,1716,886,115,.500,.314,.663,25.5,14.5,7.5,1.0,5.3,.085,-2.1,-0.1
2018,3,ATL,Luka Dončić,,3,195,6516,5032,1634,1504,.458,.332,.733,33.4,25.8,8.4,7.7,21.4,.157,6.3,13.7
2018,4,MEM,Jaren Jackson Jr.,Michigan State,3,123,3317,1908,576,149,.481,.375,.764,27.0,15.5,4.7,1.2,7.3,.105,0.1,1.7
2018,5,DAL,Trae Young,Oklahoma,3,200,6632,4824,784,1773,.430,.346,.859,33.2,24.1,3.9,8.9,15.8,.114,2.1,6.8
2018,6,ORL,Mo Bamba,Texas,3,153,2327,971,789,112,.474,.326,.643,15.2,6.3,5.2,0.7,5.9,.123,-0.2,1.1
2018,7,CHI,Wendell Carter Jr.,Duke,3,138,3662,1525,1122,228,.512,.250,.749,26.5,11.1,8.1,1.7,8.6,.113,-1.7,0.2
2018,8,CLE,Collin Sexton,Alabama,3,203,6744,4085,617,672,.460,.387,.829,33.2,20.1,3.0,3.3,5.2,.037,-2.4,-0.7
2018,9,NYK,Kevin Knox,Kentucky,3,182,3788,1545,580,162,.369,.345,.703,20.8,8.5,3.2,0.9,-0.6,-.007,-4.8,-2.6
2018,10,PHI,Mikal Bridges,Villanova,3,223,6697,2269,847,449,.494,.374,.826,30.0,10.2,3.8,2.0,15.3,.109,0.7,4.5
2018,11,CHO,Shai Gilgeous-Alexander,Kentucky,3,187,5782,3050,810,709,.482,.373,.805,30.9,16.3,4.3,3.8,13.0,.108,1.3,4.8
2018,12,LAC,Miles Bridges,Michigan State,3,209,5549,2233,1073,352,.461,.355,.814,26.6,10.7,5.1,1.7,8.7,.075,-1.1,1.2
2018,13,LAC,Jerome Robinson,Boston College,3,113,1604,514,208,131,.363,.310,.721,14.2,4.5,1.8,1.2,-0.1,-.003,-4.8,-1.1
2018,14,DEN,Michael Porter Jr.,Missouri,2,113,2742,1626,689,112,.533,.439,.804,24.3,14.4,6.1,1.0,9.7,.169,2.6,3.1
2018,15,WAS,Troy Brown Jr.,Oregon,3,155,3036,1125,633,287,.432,.330,.754,19.6,7.3,4.1,1.9,3.5,.055,-2.1,-0.1
2018,16,PHO,Zhaire Smith,Texas Tech,2,13,143,48,15,12,.378,.316,.667,11.0,3.7,1.2,0.9,0.0,.011,-6.1,-0.2
2018,17,MIL,Donte DiVincenzo,Villanova,3,155,3631,1379,737,374,.432,.347,.730,23.4,8.9,4.8,2.4,8.1,.108,0.2,2.0
2018,18,SAS,Lonnie Walker,Miami (FL),3,133,2497,1054,297,167,.421,.374,.773,18.8,7.9,2.2,1.3,1.0,.018,-3.5,-1.0
2018,19,ATL,Kevin Huerter,Maryland,3,197,5849,2206,688,660,.423,.377,.786,29.7,11.2,3.5,3.4,6.5,.053,-1.4,0.8
2018,20,MIN,Josh Okogie,Georgia Tech,3,191,4450,1405,634,252,.403,.271,.770,23.3,7.4,3.3,1.3,4.6,.049,-3.0,-1.2
2018,21,UTA,Grayson Allen,Duke,3,126,2393,1073,268,185,.423,.381,.832,19.0,8.5,2.1,1.5,3.9,.078,-1.8,0.2
2018,22,CHI,Chandler Hutchison,Boise State,3,93,1695,534,357,76,.443,.302,.632,18.2,5.7,3.8,0.8,1.1,.031,-4.0,-0.8
2018,23,IND,Aaron Holiday,UCLA,3,181,3418,1395,311,432,.404,.375,.835,18.9,7.7,1.7,2.4,3.3,.047,-2.4,-0.4
2018,24,POR,Anfernee Simons,,3,150,2616,1135,298,196,.411,.382,.789,17.4,7.6,2.0,1.3,1.9,.035,-3.2,-0.8
2018,25,LAL,Moritz Wagner,Michigan,3,129,1903,867,426,126,.480,.309,.816,14.8,6.7,3.3,1.0,2.9,.073,-2.9,-0.4
2018,26,PHI,Landry Shamet,Wichita State,3,189,4543,1739,339,307,.415,.395,.835,24.0,9.2,1.8,1.6,7.7,.081,-2.1,-0.1
2018,27,BOS,Robert Williams,Texas A&M,3,113,1656,648,567,128,.720,.000,.623,14.7,5.7,5.0,1.1,8.5,.247,5.1,3.0
2018,28,GSW,Jacob Evans,Cincinnati,2,59,622,168,66,54,.337,.315,.833,10.5,2.8,1.1,0.9,-0.6,-.047,-7.4,-0.8
2018,29,BRK,Džanan Musa,,2,49,526,211,91,45,.376,.227,.726,10.7,4.3,1.9,0.9,0.0,.003,-4.6,-0.4
2018,30,ATL,Omari Spellman,Villanova,2,95,1691,642,413,94,.417,.366,.766,17.8,6.8,4.3,1.0,2.4,.068,-1.5,0.2
2018,31,PHO,Elie Okobo,,2,108,1677,523,188,242,.395,.315,.737,15.5,4.8,1.7,2.2,0.5,.014,-4.1,-0.9
2018,32,MEM,Jevon Carter,West Virginia,3,153,2164,676,263,215,.383,.383,.800,14.1,4.4,1.7,1.4,3.2,.071,-0.5,0.8
2018,33,DAL,Jalen Brunson,Villanova,3,194,4216,1947,523,641,.488,.368,.776,21.7,10.0,2.7,3.3,9.5,.108,-0.7,1.4
2018,34,ATL,Devonte' Graham,Kansas,3,160,4418,2102,412,867,.375,.363,.814,27.6,13.1,2.6,5.4,6.8,.074,-0.3,1.8
2018,35,ORL,Melvin Frazier,Tulane,2,29,170,55,15,4,.400,.364,.375,5.9,1.9,0.5,0.1,0.0,.008,-5.4,-0.2
2018,36,NYK,Mitchell Robinson,,3,158,3625,1331,1103,90,.705,,.568,22.9,8.4,7.0,0.6,16.3,.216,2.3,3.9
2018,37,SAC,Gary Trent Jr.,Duke,3,133,3214,1460,259,145,.420,.395,.781,24.2,11.0,1.9,1.1,4.1,.062,-1.9,0.1
2018,38,PHI,Khyri Thomas,Creighton,3,36,313,121,29,15,.377,.328,.700,8.7,3.4,0.8,0.4,0.3,.049,-2.4,0.0
2018,39,PHI,Isaac Bonga,,3,128,1802,427,313,114,.440,.302,.769,14.1,3.3,2.4,0.9,1.6,.043,-3.8,-0.8
2018,40,BRK,Rodions Kurucs,,3,131,2103,780,406,113,.444,.329,.739,16.1,6.0,3.1,0.9,2.3,.052,-2.8,-0.4
2018,41,ORL,Jarred Vanderbilt,Kentucky,3,88,1176,353,370,78,.594,.167,.569,13.4,4.0,4.2,0.9,2.8,.115,-1.1,0.3
2018,42,DET,Bruce Brown,Miami (FL),3,193,4420,1352,771,414,.466,.298,.740,22.9,7.0,4.0,2.1,7.3,.080,-1.7,0.3
2018,43,DEN,Justin Jackson,Maryland,,,,,,,,,,,,,,,,,
2018,44,WAS,Issuf Sanon,,,,,,,,,,,,,,,,,,
2018,45,BRK,Hamidou Diallo,Kentucky,3,147,2583,1079,519,149,.463,.303,.626,17.6,7.3,3.5,1.0,2.7,.050,-3.2,-0.8
2018,46,HOU,De'Anthony Melton,USC,3,157,3102,1153,506,456,.415,.355,.769,19.8,7.3,3.2,2.9,4.0,.062,-0.2,1.4
2018,47,LAL,Sviatoslav Mykhailiuk,Kansas,3,162,2980,1163,299,248,.396,.362,.764,18.4,7.2,1.8,1.5,1.6,.027,-2.9,-0.7
2018,48,MIN,Keita Bates-Diop,Ohio State,3,100,1437,494,243,56,.423,.304,.689,14.4,4.9,2.4,0.6,1.8,.061,-2.2,0.0
2018,49,SAS,Chimezie Metu,USC,3,79,620,284,158,46,.481,.292,.731,7.8,3.6,2.0,0.6,0.5,.039,-4.0,-0.3
2018,50,IND,Alize Johnson,Missouri State,3,46,363,139,156,22,.500,.313,.774,7.9,3.0,3.4,0.5,1.2,.158,-0.2,0.2
2018,51,NOP,Tony Carr,Penn State,,,,,,,,,,,,,,,,,
2018,52,UTA,Vince Edwards,Purdue,1,2,16,3,2,0,.250,.250,,8.0,1.5,1.0,0.0,0.0,-.014,-6.4,0.0
2018,53,OKC,Devon Hall,Virginia,1,11,81,20,7,13,.200,.235,.500,7.4,1.8,0.6,1.2,-0.2,-.116,-6.4,-0.1
2018,54,DAL,Shake Milton,SMU,3,120,2468,1239,260,301,.451,.375,.821,20.6,10.3,2.2,2.5,4.9,.095,-2.1,-0.1
2018,55,CHO,Arnoldas Kulboka,,,,,,,,,,,,,,,,,,
2018,56,PHI,Ray Spalding,Louisville,2,16,167,58,52,5,.529,.000,.286,10.4,3.6,3.3,0.3,0.1,.025,-5.7,-0.2
2018,57,OKC,Kevin Hervey,UT Arlington,1,10,52,17,12,5,.259,.150,,5.2,1.7,1.2,0.5,-0.1,-.085,-5.1,0.0
2018,58,DEN,Thomas Welsh,UCLA,1,11,36,18,4,5,.538,.429,.500,3.3,1.6,0.4,0.5,0.1,.162,1.2,0.0
2018,59,PHO,George King,Colorado,1,1,6,0,1,0,,,,6.0,0.0,1.0,0.0,0.0,-.001,-7.9,0.0
2018,60,PHI,Kostas Antetokounmpo,Dayton,3,22,87,21,23,3,.375,,.474,4.0,1.0,1.0,0.1,-0.2,-.098,-10.2,-0.2
2019,1,NOP,Zion Williamson,Duke,2,85,2694,2187,591,276,.604,.333,.683,31.7,25.7,7.0,3.2,10.7,.191,4.6,4.5
2019,2,MEM,Ja Morant,Murray State,2,126,3987,2333,491,916,.465,.317,.756,31.6,18.5,3.9,7.3,7.0,.084,-0.1,1.9
2019,3,NYK,RJ Barrett,Duke,2,124,4076,2004,672,347,.426,.369,.680,32.9,16.2,5.4,2.8,3.4,.040,-2.7,-0.7
2019,4,LAL,De'Andre Hunter,Virginia,2,83,2643,1098,388,154,.433,.355,.799,31.8,13.2,4.7,1.9,1.8,.033,-3.2,-0.8
2019,5,CLE,Darius Garland,Vanderbilt,2,112,3602,1666,240,556,.428,.373,.858,32.2,14.9,2.1,5.0,-0.1,-.001,-3.6,-1.5
2019,6,PHO,Jarrett Culver,Texas Tech,2,97,2005,760,316,134,.406,.288,.503,20.7,7.8,3.3,1.4,-0.2,-.005,-4.6,-1.3
2019,7,CHI,Coby White,UNC,2,130,3685,1845,494,478,.406,.356,.850,28.3,14.2,3.8,3.7,3.1,.040,-2.7,-0.6
2019,8,ATL,Jaxson Hayes,Texas,2,120,1954,864,493,86,.661,.333,.692,16.3,7.2,4.1,0.7,7.1,.173,0.0,1.0
2019,9,WAS,Rui Hachimura,Gonzaga,2,101,3115,1377,588,165,.472,.308,.799,30.8,13.6,5.8,1.6,3.8,.058,-3.3,-1.0
2019,10,ATL,Cam Reddish,Duke,2,84,2301,902,320,122,.378,.309,.808,27.4,10.7,3.8,1.5,0.0,.000,-4.0,-1.2
2019,11,MIN,Cameron Johnson,UNC,2,117,2692,1077,386,155,.427,.367,.828,23.0,9.2,3.3,1.3,5.3,.094,-0.2,1.2
2019,12,CHO,P.J. Washington,Kentucky,2,118,3576,1499,699,274,.455,.394,.700,30.3,12.7,5.9,2.3,4.8,.064,-1.2,0.7
2019,13,MIA,Tyler Herro,Kentucky,2,105,3026,1497,463,287,.432,.375,.839,28.8,14.3,4.4,2.7,3.0,.048,-1.6,0.3
2019,14,BOS,Romeo Langford,Indiana,2,47,589,113,70,23,.336,.214,.759,12.5,2.4,1.5,0.5,0.1,.011,-5.2,-0.5
2019,15,DET,Sekou Doumbouya,,2,93,1597,516,253,65,.384,.256,.686,17.2,5.5,2.7,0.7,-0.6,-.017,-6.9,-2.0
2019,16,ORL,Chuma Okeke,Auburn,1,45,1133,349,181,101,.417,.348,.750,25.2,7.8,4.0,2.2,1.3,.057,-1.4,0.2
2019,17,BRK,Nickeil Alexander-Walker,Virginia Tech,2,89,1463,700,214,173,.398,.349,.714,16.4,7.9,2.4,1.9,0.5,.015,-2.8,-0.3
2019,18,IND,Goga Bitadze,,2,94,941,375,234,54,.459,.234,.744,10.0,4.0,2.5,0.6,2.0,.103,-1.2,0.2
2019,19,SAS,Luka Šamanić,,2,34,347,136,78,21,.429,.294,.576,10.2,4.0,2.3,0.6,0.1,.020,-4.9,-0.3
2019,20,BOS,Matisse Thybulle,Washington,2,130,2585,560,231,142,.421,.330,.559,19.9,4.3,1.8,1.1,5.1,.095,0.9,1.9
2019,21,OKC,Brandon Clarke,Gonzaga,2,113,2643,1274,654,173,.566,.314,.720,23.4,11.3,5.8,1.5,8.8,.159,2.1,2.7
2019,22,BOS,Grant Williams,Tennessee,2,128,2086,495,338,125,.419,.312,.663,16.3,3.9,2.6,1.0,2.4,.056,-3.5,-0.8
2019,23,UTA,Darius Bazley,,2,114,2780,1076,632,133,.402,.313,.693,24.4,9.4,5.5,1.2,0.3,.005,-3.1,-0.7
2019,24,PHI,Ty Jerome,Virginia,2,64,1116,455,137,164,.415,.390,.760,17.4,7.1,2.1,2.6,1.3,.055,-1.4,0.2
2019,25,POR,Nassir Little,UNC,2,94,1203,388,234,44,.446,.302,.719,12.8,4.1,2.5,0.5,1.6,.066,-3.3,-0.4
2019,26,CLE,Dylan Windler,Belmont,1,31,513,161,107,33,.438,.338,.778,16.5,5.2,3.5,1.1,0.5,.044,-1.7,0.0
2019,27,BRK,Mfiondu Kabengele,Florida State,2,47,274,114,45,16,.402,.339,.850,5.8,2.4,1.0,0.3,0.3,.060,-3.4,-0.1
2019,28,GSW,Jordan Poole,Michigan,2,104,2165,1022,198,226,.371,.308,.829,20.8,9.8,1.9,2.2,0.1,.002,-4.6,-1.4
2019,29,SAS,Keldon Johnson,Kentucky,2,81,2146,968,453,127,.492,.367,.743,26.5,12.0,5.6,1.6,4.3,.096,-1.4,0.3
2019,30,MIL,Kevin Porter Jr.,USC,2,76,1997,929,261,273,.434,.323,.728,26.3,12.2,3.4,3.6,0.3,.008,-3.8,-0.9
2019,31,BRK,Nicolas Claxton,Georgia,2,43,687,236,182,43,.582,.167,.507,16.0,5.5,4.2,1.0,2.0,.141,0.2,0.4
2019,32,PHO,KZ Okpala,Stanford,2,39,435,82,67,18,.359,.240,.333,11.2,2.1,1.7,0.5,0.0,.003,-7.2,-0.6
2019,33,PHI,Carsen Edwards,Purdue,2,65,583,232,71,35,.378,.310,.750,9.0,3.6,1.1,0.5,0.5,.040,-4.5,-0.4
2019,34,PHI,Bruno Fernando,Maryland,2,87,914,281,266,58,.502,.128,.592,10.5,3.2,3.1,0.7,0.7,.034,-4.9,-0.7
2019,35,ATL,Didi Louzada,,,,,,,,,,,,,,,,,,
2019,36,CHO,Cody Martin,Nevada,2,100,1752,445,319,181,.435,.252,.620,17.5,4.5,3.2,1.8,2.1,.057,-2.2,-0.1
2019,37,DAL,Deividas Sirvydis,,1,18,94,25,22,3,.308,.316,.500,5.2,1.4,1.2,0.2,0.0,-.021,-7.2,-0.1
2019,38,CHI,Daniel Gafford,Arkansas,2,93,1331,560,318,48,.696,,.595,14.3,6.0,3.4,0.5,5.0,.180,0.8,0.9
2019,39,NOP,Alen Smailagić,,2,28,203,82,41,16,.475,.300,.720,7.3,2.9,1.5,0.6,0.3,.064,-2.7,0.0
2019,40,SAC,Justin James,Wyoming,2,69,471,175,47,34,.436,.310,.488,6.8,2.5,0.7,0.5,0.1,.012,-3.6,-0.2
2019,41,GSW,Eric Paschall,Villanova,2,99,2330,1206,399,178,.495,.297,.757,23.5,12.2,4.0,1.8,3.0,.061,-2.9,-0.5
2019,42,PHI,Admiral Schofield,Tennessee,1,33,368,99,47,15,.380,.311,.667,11.2,3.0,1.4,0.5,0.1,.017,-5.5,-0.3
2019,43,MIN,Jaylen Nowell,Washington,2,55,897,426,106,80,.416,.302,.843,16.3,7.7,1.9,1.5,0.8,.042,-3.4,-0.3
2019,44,MIA,Bol Bol,Oregon,2,37,235,106,40,13,.475,.406,.708,6.4,2.9,1.1,0.4,0.2,.031,-3.1,-0.1
2019,45,DET,Isaiah Roby,Nebraska,2,61,1376,508,330,105,.483,.305,.743,22.6,8.3,5.4,1.7,1.2,.042,-3.4,-0.5
2019,46,ORL,Talen Horton-Tucker,Iowa State,2,67,1275,566,167,164,.455,.267,.776,19.0,8.4,2.5,2.4,1.9,.072,-1.5,0.2
2019,47,SAC,Ignas Brazdeikis,Michigan,2,18,189,64,29,13,.369,.278,.733,10.5,3.6,1.6,0.7,-0.1,-.035,-8.6,-0.3
2019,48,LAC,Terance Mann,Florida State,2,105,1577,530,291,153,.485,.398,.784,15.0,5.0,2.8,1.5,4.0,.123,-0.8,0.5
2019,49,SAS,Quinndary Weatherspoon,Mississippi State,2,29,159,34,13,17,.324,.125,.786,5.5,1.2,0.4,0.6,-0.2,-.053,-7.3,-0.2
2019,50,IND,Jarrell Brantley,College of Charleston,2,34,221,81,45,24,.432,.359,.750,6.5,2.4,1.3,0.7,0.4,.096,-1.4,0.0
2019,51,BOS,Tremont Waters,LSU,2,34,287,101,25,63,.330,.255,.955,8.4,3.0,0.7,1.9,0.0,-.003,-3.5,-0.1
2019,52,CHO,Jalen McDaniels,San Diego State,2,59,1072,382,212,57,.459,.342,.708,18.2,6.5,3.6,1.0,1.3,.058,-3.8,-0.5
2019,53,UTA,Justin Wright-Foreman,Hofstra,1,4,45,19,5,7,.350,.200,.750,11.3,4.8,1.3,1.8,0.0,-.008,-9.0,-0.1
2019,54,PHI,Marial Shayok,Iowa State,1,4,28,11,7,1,.250,.333,.750,7.0,2.8,1.8,0.3,-0.1,-.130,-13.0,-0.1
2019,55,NYK,Kyle Guy,Virginia,2,32,220,85,29,27,.345,.244,.889,6.9,2.7,0.9,0.8,0.0,-.009,-6.9,-0.3
2019,56,LAC,Jaylen Hands,UCLA,,,,,,,,,,,,,,,,,
2019,57,NOP,Jordan Bone,Tennessee,2,24,249,68,28,26,.378,.286,,10.4,2.8,1.2,1.1,0.1,.011,-5.9,-0.2
2019,58,GSW,Miye Oni,Yale,2,60,580,134,99,31,.360,.347,.818,9.7,2.2,1.7,0.5,0.9,.078,-2.4,-0.1
2019,59,TOR,Dewan Hernandez,Miami (FL),1,6,28,14,14,3,.357,.500,.600,4.7,2.3,2.3,0.5,0.0,.043,-9.6,-0.1
2019,60,SAC,Vanja Marinković,,,,,,,,,,,,,,,,,,
2020,1,MIN,Anthony Edwards,Georgia,1,68,2169,1288,323,194,.414,.326,.771,31.9,18.9,4.8,2.9,0.3,.007,-2.9,-0.5
2020,2,GSW,James Wiseman,Memphis,1,39,836,448,226,26,.519,.316,.628,21.4,11.5,5.8,0.7,0.7,.043,-5.4,-0.7
2020,3,CHO,LaMelo Ball,,1,47,1352,753,274,290,.447,.360,.755,28.8,16.0,5.8,6.2,2.9,.103,2.1,1.4
2020,4,CHI,Patrick Williams,Florida State,1,67,1880,606,309,96,.478,.380,.728,28.1,9.0,4.6,1.4,2.2,.056,-2.9,-0.4
2020,5,CLE,Isaac Okoro,Auburn,1,63,2021,574,181,113,.424,.296,.736,32.1,9.1,2.9,1.8,0.9,.021,-4.9,-1.5
2020,6,ATL,Onyeka Okongwu,USC,1,46,534,191,137,13,.637,.000,.660,11.6,4.2,3.0,0.3,1.6,.145,-1.8,0.0
2020,7,DET,Killian Hayes,,1,23,566,151,60,120,.358,.293,.769,24.6,6.6,2.6,5.2,-1.0,-.087,-7.1,-0.7
2020,8,NYK,Obi Toppin,Dayton,1,58,653,239,133,26,.488,.293,.731,11.3,4.1,2.3,0.4,1.3,.099,-1.6,0.1
2020,9,WAS,Deni Avdija,,1,54,1257,342,262,63,.417,.315,.644,23.3,6.3,4.9,1.2,1.2,.046,-3.9,-0.6
2020,10,PHO,Jalen Smith,Maryland,1,25,103,38,22,2,.441,.250,.714,4.1,1.5,0.9,0.1,0.0,.012,-6.0,-0.1
2020,11,SAS,Devin Vassell,Florida State,1,57,944,302,157,48,.412,.374,.841,16.6,5.3,2.8,0.8,1.6,.082,-1.3,0.2
2020,12,SAC,Tyrese Haliburton,Iowa State,1,58,1746,753,173,309,.472,.409,.857,30.1,13.0,3.0,5.3,3.4,.095,1.1,1.4
2020,13,NOP,Kira Lewis Jr.,Alabama,1,50,809,303,59,114,.387,.333,.811,16.2,6.1,1.2,2.3,0.7,.043,-3.8,-0.4
2020,14,BOS,Aaron Nesmith,Vanderbilt,1,42,587,193,110,16,.450,.385,.769,14.0,4.6,2.6,0.4,1.0,.081,-2.9,-0.1
2020,15,ORL,Cole Anthony,UNC,1,43,1161,527,197,181,.392,.329,.830,27.0,12.3,4.6,4.2,0.1,.003,-3.2,-0.4
2020,16,POR,Isaiah Stewart,Washington,1,67,1422,526,445,57,.557,.339,.696,21.2,7.9,6.6,0.9,4.0,.136,-1.1,0.3
2020,17,MIN,Aleksej Pokusevski,,1,42,985,322,192,92,.329,.260,.778,23.5,7.7,4.6,2.2,-1.7,-.082,-5.7,-0.9
2020,18,DAL,Josh Green,Arizona,1,36,410,88,72,26,.444,.174,.600,11.4,2.4,2.0,0.7,0.4,.050,-3.4,-0.1
2020,19,BRK,Saddiq Bey,Villanova,1,67,1797,800,305,88,.407,.384,.859,26.8,11.9,4.6,1.3,3.3,.089,-0.6,0.7
2020,20,MIA,Precious Achiuwa,Memphis,1,58,692,279,198,28,.538,,.515,11.9,4.8,3.4,0.5,1.2,.084,-4.3,-0.4
2020,21,PHI,Tyrese Maxey,Kentucky,1,57,844,433,90,101,.461,.295,.864,14.8,7.6,1.6,1.8,1.6,.088,-2.5,-0.1
2020,22,DEN,Zeke Nnaji,Arizona,1,40,363,122,58,8,.474,.377,.800,9.1,3.1,1.5,0.2,0.7,.092,-2.9,-0.1
2020,23,NYK,Leandro Bolmaro,,,,,,,,,,,,,,,,,,
2020,24,MIL,R.J. Hampton,,1,48,802,313,156,68,.436,.295,.685,16.7,6.5,3.3,1.4,0.4,.026,-4.2,-0.5
2020,25,OKC,Immanuel Quickley,Kentucky,1,61,1194,716,134,126,.399,.397,.889,19.6,11.7,2.2,2.1,3.3,.133,1.1,0.9
2020,26,BOS,Payton Pritchard,Oregon,1,62,1180,471,140,110,.449,.414,.907,19.0,7.6,2.3,1.8,2.4,.096,-1.4,0.2
2020,27,UTA,Udoka Azubuike,Kansas,1,12,49,12,13,0,.571,,.667,4.1,1.0,1.1,0.0,0.1,.111,-4.3,0.0
2020,28,LAL,Jaden McDaniels,Washington,1,59,1413,400,221,66,.443,.370,.605,23.9,6.8,3.7,1.1,1.3,.045,-3.7,-0.6
2020,29,TOR,Malachi Flynn,San Diego State,1,43,774,273,99,116,.369,.320,.810,18.0,6.3,2.3,2.7,0.6,.034,-3.3,-0.3
2020,30,BOS,Desmond Bane,TCU,1,63,1404,587,198,109,.472,.438,.826,22.3,9.3,3.1,1.7,2.8,.094,-1.0,0.4
2020,31,DAL,Tyrell Terry,Stanford,1,11,56,11,6,6,.313,.000,.333,5.1,1.0,0.5,0.5,-0.1,-.046,-5.5,-0.1
2020,32,CHO,Vernon Carey Jr.,Duke,1,18,111,45,26,2,.514,.143,.889,6.2,2.5,1.4,0.1,0.2,.071,-6.2,-0.1
2020,33,MIN,Daniel Oturu,Minnesota,1,26,107,35,30,7,.517,.000,.625,4.1,1.3,1.2,0.3,0.2,.112,-4.3,-0.1
2020,34,PHI,Théo Maledon,,1,63,1733,637,208,220,.366,.336,.744,27.5,10.1,3.3,3.5,-0.8,-.021,-5.3,-1.5
2020,35,SAC,Xavier Tillman Sr.,Michigan State,1,54,1013,363,239,72,.552,.333,.653,18.8,6.7,4.4,1.3,2.8,.132,-0.2,0.5
2020,36,PHI,Tyler Bey,Colorado,1,15,55,18,16,2,.368,.250,.600,3.7,1.2,1.1,0.1,0.0,.010,-7.9,-0.1
2020,37,WAS,Vit Krejci,,,,,,,,,,,,,,,,,,
2020,38,UTA,Saben Lee,Vanderbilt,1,45,705,235,89,160,.453,.364,.654,15.7,5.2,2.0,3.6,1.2,.082,-2.2,0.0
2020,39,NOP,Elijah Hughes,Syracuse,1,17,62,31,7,6,.333,.348,.750,3.6,1.8,0.4,0.4,0.0,-.028,-4.1,0.0
2020,40,MEM,Robert Woodard,Mississippi State,1,11,29,18,11,0,.500,.250,.375,2.6,1.6,1.0,0.0,0.0,.036,-3.2,0.0
2020,41,SAS,Tre Jones,Duke,1,33,209,72,18,25,.462,.750,1.000,6.3,2.2,0.5,0.8,0.1,.032,-4.6,-0.1
2020,42,NOP,Nick Richards,Kentucky,1,18,63,15,11,2,.444,.000,.636,3.5,0.8,0.6,0.1,0.0,.027,-8.7,-0.1
2020,43,SAC,Jahmi'us Ramsey,Texas Tech,1,10,41,18,6,3,.438,.222,1.000,4.1,1.8,0.6,0.3,0.0,.048,-1.9,0.0
2020,44,CHI,Marko Simonovic,,,,,,,,,,,,,,,,,,
2020,45,MIL,Jordan Nwora,Louisville,1,26,230,137,44,7,.440,.453,.810,8.8,5.3,1.7,0.3,0.3,.059,-2.0,0.0
2020,46,POR,CJ Elleby,Washington State,1,27,184,66,30,10,.387,.219,.733,6.8,2.4,1.1,0.4,0.2,.044,-5.0,-0.1
2020,47,BOS,Yam Madar,,,,,,,,,,,,,,,,,,
2020,48,GSW,Nico Mannion,Arizona,1,29,332,112,38,63,.353,.370,.800,11.4,3.9,1.3,2.2,0.2,.024,-4.0,-0.2
2020,49,PHI,Isaiah Joe,Arkansas,1,37,326,117,32,18,.336,.345,.722,8.8,3.2,0.9,0.5,0.4,.057,-4.4,-0.2
2020,50,ATL,Skylar Mays,LSU,1,31,238,106,31,23,.424,.343,.880,7.7,3.4,1.0,0.7,0.6,.123,0.7,0.2
2020,51,GSW,Justinian Jessup,Boise State,,,,,,,,,,,,,,,,,
2020,52,SAC,Kenyon Martin Jr.,,1,41,921,361,208,37,.518,.370,.732,22.5,8.8,5.1,0.9,2.1,.110,-1.6,0.1
2020,53,OKC,Cassius Winston,Michigan State,1,21,97,41,9,12,.424,.471,.833,4.6,2.0,0.4,0.6,0.1,.066,-2.9,0.0
2020,54,IND,Cassius Stanley,Duke,1,21,78,33,19,1,.324,.200,.778,3.7,1.6,0.9,0.0,0.0,-.026,-10.3,-0.2
2020,55,BRK,Jay Scrubb,John A. Logan College,,,,,,,,,,,,,,,,,
2020,56,CHO,Grant Riller,College of Charleston,1,6,23,18,1,3,.727,.500,,3.8,3.0,0.2,0.5,0.1,.231,9.8,0.1
2020,57,LAC,Reggie Perry,Mississippi State,1,23,203,78,69,14,.421,.190,.769,8.8,3.4,3.0,0.6,0.2,.051,-5.8,-0.2
2020,58,PHI,Paul Reed,DePaul,1,23,143,63,44,7,.534,.000,.250,6.2,2.7,1.9,0.3,0.4,.123,-1.6,0.0
2020,59,TOR,Jalen Harris,Nevada,1,10,83,38,12,9,.433,.533,1.000,8.3,3.8,1.2,0.9,0.2,.121,1.9,0.1
2020,60,NOP,Sam Merrill,Utah State University,1,27,199,84,27,20,.484,.488,1.000,7.4,3.1,1.0,0.7,0.5,.129,0.1,0.1
